path,label
emoji_embedding/data/emojipedia/envelope_with_arrow/htc.jpg,envelope_with_arrow
emoji_embedding/data/emojipedia/envelope_with_arrow/lg.jpg,envelope_with_arrow
emoji_embedding/data/emojipedia/envelope_with_arrow/mozilla.jpg,envelope_with_arrow
emoji_embedding/data/emojipedia/envelope_with_arrow/softbank.jpg,envelope_with_arrow
emoji_embedding/data/emojipedia/envelope_with_arrow/docomo.jpg,envelope_with_arrow
emoji_embedding/data/emojipedia/envelope_with_arrow/samsung.jpg,envelope_with_arrow
emoji_embedding/data/emojipedia/envelope_with_arrow/microsoft.jpg,envelope_with_arrow
emoji_embedding/data/emojipedia/envelope_with_arrow/apple.jpg,envelope_with_arrow
emoji_embedding/data/emojipedia/envelope_with_arrow/skype.jpg,envelope_with_arrow
emoji_embedding/data/emojipedia/envelope_with_arrow/messenger.jpg,envelope_with_arrow
emoji_embedding/data/emojipedia/envelope_with_arrow/emojidex.jpg,envelope_with_arrow
emoji_embedding/data/emojipedia/envelope_with_arrow/twitter.jpg,envelope_with_arrow
emoji_embedding/data/emojipedia/envelope_with_arrow/joypixels.jpg,envelope_with_arrow
emoji_embedding/data/emojipedia/envelope_with_arrow/openmoji.jpg,envelope_with_arrow
emoji_embedding/data/emojipedia/envelope_with_arrow/au_by_kddi.jpg,envelope_with_arrow
emoji_embedding/data/emojipedia/envelope_with_arrow/whatsapp.jpg,envelope_with_arrow
emoji_embedding/data/emojipedia/envelope_with_arrow/google.jpg,envelope_with_arrow
emoji_embedding/data/emojipedia/envelope_with_arrow/facebook.jpg,envelope_with_arrow
emoji_embedding/data/emojipedia/necktie/htc.jpg,necktie
emoji_embedding/data/emojipedia/necktie/lg.jpg,necktie
emoji_embedding/data/emojipedia/necktie/mozilla.jpg,necktie
emoji_embedding/data/emojipedia/necktie/softbank.jpg,necktie
emoji_embedding/data/emojipedia/necktie/docomo.jpg,necktie
emoji_embedding/data/emojipedia/necktie/samsung.jpg,necktie
emoji_embedding/data/emojipedia/necktie/microsoft.jpg,necktie
emoji_embedding/data/emojipedia/necktie/apple.jpg,necktie
emoji_embedding/data/emojipedia/necktie/skype.jpg,necktie
emoji_embedding/data/emojipedia/necktie/messenger.jpg,necktie
emoji_embedding/data/emojipedia/necktie/emojidex.jpg,necktie
emoji_embedding/data/emojipedia/necktie/twitter.jpg,necktie
emoji_embedding/data/emojipedia/necktie/joypixels.jpg,necktie
emoji_embedding/data/emojipedia/necktie/openmoji.jpg,necktie
emoji_embedding/data/emojipedia/necktie/au_by_kddi.jpg,necktie
emoji_embedding/data/emojipedia/necktie/whatsapp.jpg,necktie
emoji_embedding/data/emojipedia/necktie/google.jpg,necktie
emoji_embedding/data/emojipedia/necktie/facebook.jpg,necktie
emoji_embedding/data/emojipedia/man_frowning/lg.jpg,man_frowning
emoji_embedding/data/emojipedia/man_frowning/samsung.jpg,man_frowning
emoji_embedding/data/emojipedia/man_frowning/microsoft.jpg,man_frowning
emoji_embedding/data/emojipedia/man_frowning/apple.jpg,man_frowning
emoji_embedding/data/emojipedia/man_frowning/skype.jpg,man_frowning
emoji_embedding/data/emojipedia/man_frowning/emojidex.jpg,man_frowning
emoji_embedding/data/emojipedia/man_frowning/twitter.jpg,man_frowning
emoji_embedding/data/emojipedia/man_frowning/joypixels.jpg,man_frowning
emoji_embedding/data/emojipedia/man_frowning/openmoji.jpg,man_frowning
emoji_embedding/data/emojipedia/man_frowning/whatsapp.jpg,man_frowning
emoji_embedding/data/emojipedia/man_frowning/google.jpg,man_frowning
emoji_embedding/data/emojipedia/man_frowning/facebook.jpg,man_frowning
emoji_embedding/data/emojipedia/rhinoceros/lg.jpg,rhinoceros
emoji_embedding/data/emojipedia/rhinoceros/samsung.jpg,rhinoceros
emoji_embedding/data/emojipedia/rhinoceros/microsoft.jpg,rhinoceros
emoji_embedding/data/emojipedia/rhinoceros/apple.jpg,rhinoceros
emoji_embedding/data/emojipedia/rhinoceros/skype.jpg,rhinoceros
emoji_embedding/data/emojipedia/rhinoceros/emojidex.jpg,rhinoceros
emoji_embedding/data/emojipedia/rhinoceros/twitter.jpg,rhinoceros
emoji_embedding/data/emojipedia/rhinoceros/joypixels.jpg,rhinoceros
emoji_embedding/data/emojipedia/rhinoceros/openmoji.jpg,rhinoceros
emoji_embedding/data/emojipedia/rhinoceros/emojipedia.jpg,rhinoceros
emoji_embedding/data/emojipedia/rhinoceros/whatsapp.jpg,rhinoceros
emoji_embedding/data/emojipedia/rhinoceros/google.jpg,rhinoceros
emoji_embedding/data/emojipedia/rhinoceros/facebook.jpg,rhinoceros
emoji_embedding/data/emojipedia/man_juggling/lg.jpg,man_juggling
emoji_embedding/data/emojipedia/man_juggling/samsung.jpg,man_juggling
emoji_embedding/data/emojipedia/man_juggling/microsoft.jpg,man_juggling
emoji_embedding/data/emojipedia/man_juggling/apple.jpg,man_juggling
emoji_embedding/data/emojipedia/man_juggling/skype.jpg,man_juggling
emoji_embedding/data/emojipedia/man_juggling/twitter.jpg,man_juggling
emoji_embedding/data/emojipedia/man_juggling/joypixels.jpg,man_juggling
emoji_embedding/data/emojipedia/man_juggling/openmoji.jpg,man_juggling
emoji_embedding/data/emojipedia/man_juggling/whatsapp.jpg,man_juggling
emoji_embedding/data/emojipedia/man_juggling/google.jpg,man_juggling
emoji_embedding/data/emojipedia/man_juggling/facebook.jpg,man_juggling
emoji_embedding/data/emojipedia/smiling_face_with_halo/htc.jpg,smiling_face_with_halo
emoji_embedding/data/emojipedia/smiling_face_with_halo/lg.jpg,smiling_face_with_halo
emoji_embedding/data/emojipedia/smiling_face_with_halo/mozilla.jpg,smiling_face_with_halo
emoji_embedding/data/emojipedia/smiling_face_with_halo/samsung.jpg,smiling_face_with_halo
emoji_embedding/data/emojipedia/smiling_face_with_halo/microsoft.jpg,smiling_face_with_halo
emoji_embedding/data/emojipedia/smiling_face_with_halo/apple.jpg,smiling_face_with_halo
emoji_embedding/data/emojipedia/smiling_face_with_halo/skype.jpg,smiling_face_with_halo
emoji_embedding/data/emojipedia/smiling_face_with_halo/messenger.jpg,smiling_face_with_halo
emoji_embedding/data/emojipedia/smiling_face_with_halo/emojidex.jpg,smiling_face_with_halo
emoji_embedding/data/emojipedia/smiling_face_with_halo/twitter.jpg,smiling_face_with_halo
emoji_embedding/data/emojipedia/smiling_face_with_halo/joypixels.jpg,smiling_face_with_halo
emoji_embedding/data/emojipedia/smiling_face_with_halo/openmoji.jpg,smiling_face_with_halo
emoji_embedding/data/emojipedia/smiling_face_with_halo/whatsapp.jpg,smiling_face_with_halo
emoji_embedding/data/emojipedia/smiling_face_with_halo/google.jpg,smiling_face_with_halo
emoji_embedding/data/emojipedia/smiling_face_with_halo/facebook.jpg,smiling_face_with_halo
"emoji_embedding/data/emojipedia/family:_woman,_girl/lg.jpg","family:_woman,_girl"
"emoji_embedding/data/emojipedia/family:_woman,_girl/samsung.jpg","family:_woman,_girl"
"emoji_embedding/data/emojipedia/family:_woman,_girl/microsoft.jpg","family:_woman,_girl"
"emoji_embedding/data/emojipedia/family:_woman,_girl/apple.jpg","family:_woman,_girl"
"emoji_embedding/data/emojipedia/family:_woman,_girl/skype.jpg","family:_woman,_girl"
"emoji_embedding/data/emojipedia/family:_woman,_girl/twitter.jpg","family:_woman,_girl"
"emoji_embedding/data/emojipedia/family:_woman,_girl/joypixels.jpg","family:_woman,_girl"
"emoji_embedding/data/emojipedia/family:_woman,_girl/openmoji.jpg","family:_woman,_girl"
"emoji_embedding/data/emojipedia/family:_woman,_girl/whatsapp.jpg","family:_woman,_girl"
"emoji_embedding/data/emojipedia/family:_woman,_girl/google.jpg","family:_woman,_girl"
"emoji_embedding/data/emojipedia/family:_woman,_girl/facebook.jpg","family:_woman,_girl"
emoji_embedding/data/emojipedia/man_biking/lg.jpg,man_biking
emoji_embedding/data/emojipedia/man_biking/samsung.jpg,man_biking
emoji_embedding/data/emojipedia/man_biking/microsoft.jpg,man_biking
emoji_embedding/data/emojipedia/man_biking/apple.jpg,man_biking
emoji_embedding/data/emojipedia/man_biking/skype.jpg,man_biking
emoji_embedding/data/emojipedia/man_biking/twitter.jpg,man_biking
emoji_embedding/data/emojipedia/man_biking/joypixels.jpg,man_biking
emoji_embedding/data/emojipedia/man_biking/openmoji.jpg,man_biking
emoji_embedding/data/emojipedia/man_biking/whatsapp.jpg,man_biking
emoji_embedding/data/emojipedia/man_biking/google.jpg,man_biking
emoji_embedding/data/emojipedia/man_biking/facebook.jpg,man_biking
emoji_embedding/data/emojipedia/man_genie/lg.jpg,man_genie
emoji_embedding/data/emojipedia/man_genie/samsung.jpg,man_genie
emoji_embedding/data/emojipedia/man_genie/microsoft.jpg,man_genie
emoji_embedding/data/emojipedia/man_genie/apple.jpg,man_genie
emoji_embedding/data/emojipedia/man_genie/skype.jpg,man_genie
emoji_embedding/data/emojipedia/man_genie/twitter.jpg,man_genie
emoji_embedding/data/emojipedia/man_genie/joypixels.jpg,man_genie
emoji_embedding/data/emojipedia/man_genie/openmoji.jpg,man_genie
emoji_embedding/data/emojipedia/man_genie/emojipedia.jpg,man_genie
emoji_embedding/data/emojipedia/man_genie/whatsapp.jpg,man_genie
emoji_embedding/data/emojipedia/man_genie/google.jpg,man_genie
emoji_embedding/data/emojipedia/man_genie/facebook.jpg,man_genie
emoji_embedding/data/emojipedia/shield/lg.jpg,shield
emoji_embedding/data/emojipedia/shield/samsung.jpg,shield
emoji_embedding/data/emojipedia/shield/microsoft.jpg,shield
emoji_embedding/data/emojipedia/shield/apple.jpg,shield
emoji_embedding/data/emojipedia/shield/skype.jpg,shield
emoji_embedding/data/emojipedia/shield/emojidex.jpg,shield
emoji_embedding/data/emojipedia/shield/twitter.jpg,shield
emoji_embedding/data/emojipedia/shield/joypixels.jpg,shield
emoji_embedding/data/emojipedia/shield/openmoji.jpg,shield
emoji_embedding/data/emojipedia/shield/whatsapp.jpg,shield
emoji_embedding/data/emojipedia/shield/google.jpg,shield
emoji_embedding/data/emojipedia/shield/facebook.jpg,shield
emoji_embedding/data/emojipedia/purple_square/lg.jpg,purple_square
emoji_embedding/data/emojipedia/purple_square/samsung.jpg,purple_square
emoji_embedding/data/emojipedia/purple_square/microsoft.jpg,purple_square
emoji_embedding/data/emojipedia/purple_square/apple.jpg,purple_square
emoji_embedding/data/emojipedia/purple_square/skype.jpg,purple_square
emoji_embedding/data/emojipedia/purple_square/twitter.jpg,purple_square
emoji_embedding/data/emojipedia/purple_square/joypixels.jpg,purple_square
emoji_embedding/data/emojipedia/purple_square/openmoji.jpg,purple_square
emoji_embedding/data/emojipedia/purple_square/emojipedia.jpg,purple_square
emoji_embedding/data/emojipedia/purple_square/whatsapp.jpg,purple_square
emoji_embedding/data/emojipedia/purple_square/google.jpg,purple_square
emoji_embedding/data/emojipedia/purple_square/facebook.jpg,purple_square
emoji_embedding/data/emojipedia/man_construction_worker/lg.jpg,man_construction_worker
emoji_embedding/data/emojipedia/man_construction_worker/samsung.jpg,man_construction_worker
emoji_embedding/data/emojipedia/man_construction_worker/microsoft.jpg,man_construction_worker
emoji_embedding/data/emojipedia/man_construction_worker/apple.jpg,man_construction_worker
emoji_embedding/data/emojipedia/man_construction_worker/skype.jpg,man_construction_worker
emoji_embedding/data/emojipedia/man_construction_worker/emojidex.jpg,man_construction_worker
emoji_embedding/data/emojipedia/man_construction_worker/twitter.jpg,man_construction_worker
emoji_embedding/data/emojipedia/man_construction_worker/joypixels.jpg,man_construction_worker
emoji_embedding/data/emojipedia/man_construction_worker/openmoji.jpg,man_construction_worker
emoji_embedding/data/emojipedia/man_construction_worker/whatsapp.jpg,man_construction_worker
emoji_embedding/data/emojipedia/man_construction_worker/google.jpg,man_construction_worker
emoji_embedding/data/emojipedia/man_construction_worker/facebook.jpg,man_construction_worker
emoji_embedding/data/emojipedia/exclamation_question_mark/htc.jpg,exclamation_question_mark
emoji_embedding/data/emojipedia/exclamation_question_mark/lg.jpg,exclamation_question_mark
emoji_embedding/data/emojipedia/exclamation_question_mark/mozilla.jpg,exclamation_question_mark
emoji_embedding/data/emojipedia/exclamation_question_mark/softbank.jpg,exclamation_question_mark
emoji_embedding/data/emojipedia/exclamation_question_mark/docomo.jpg,exclamation_question_mark
emoji_embedding/data/emojipedia/exclamation_question_mark/samsung.jpg,exclamation_question_mark
emoji_embedding/data/emojipedia/exclamation_question_mark/microsoft.jpg,exclamation_question_mark
emoji_embedding/data/emojipedia/exclamation_question_mark/apple.jpg,exclamation_question_mark
emoji_embedding/data/emojipedia/exclamation_question_mark/messenger.jpg,exclamation_question_mark
emoji_embedding/data/emojipedia/exclamation_question_mark/emojidex.jpg,exclamation_question_mark
emoji_embedding/data/emojipedia/exclamation_question_mark/twitter.jpg,exclamation_question_mark
emoji_embedding/data/emojipedia/exclamation_question_mark/joypixels.jpg,exclamation_question_mark
emoji_embedding/data/emojipedia/exclamation_question_mark/openmoji.jpg,exclamation_question_mark
emoji_embedding/data/emojipedia/exclamation_question_mark/au_by_kddi.jpg,exclamation_question_mark
emoji_embedding/data/emojipedia/exclamation_question_mark/whatsapp.jpg,exclamation_question_mark
emoji_embedding/data/emojipedia/exclamation_question_mark/google.jpg,exclamation_question_mark
emoji_embedding/data/emojipedia/exclamation_question_mark/facebook.jpg,exclamation_question_mark
emoji_embedding/data/emojipedia/vulcan_salute/lg.jpg,vulcan_salute
emoji_embedding/data/emojipedia/vulcan_salute/samsung.jpg,vulcan_salute
emoji_embedding/data/emojipedia/vulcan_salute/microsoft.jpg,vulcan_salute
emoji_embedding/data/emojipedia/vulcan_salute/apple.jpg,vulcan_salute
emoji_embedding/data/emojipedia/vulcan_salute/skype.jpg,vulcan_salute
emoji_embedding/data/emojipedia/vulcan_salute/emojidex.jpg,vulcan_salute
emoji_embedding/data/emojipedia/vulcan_salute/twitter.jpg,vulcan_salute
emoji_embedding/data/emojipedia/vulcan_salute/joypixels.jpg,vulcan_salute
emoji_embedding/data/emojipedia/vulcan_salute/openmoji.jpg,vulcan_salute
emoji_embedding/data/emojipedia/vulcan_salute/whatsapp.jpg,vulcan_salute
emoji_embedding/data/emojipedia/vulcan_salute/google.jpg,vulcan_salute
emoji_embedding/data/emojipedia/vulcan_salute/facebook.jpg,vulcan_salute
emoji_embedding/data/emojipedia/three_o’clock/htc.jpg,three_o’clock
emoji_embedding/data/emojipedia/three_o’clock/lg.jpg,three_o’clock
emoji_embedding/data/emojipedia/three_o’clock/mozilla.jpg,three_o’clock
emoji_embedding/data/emojipedia/three_o’clock/softbank.jpg,three_o’clock
emoji_embedding/data/emojipedia/three_o’clock/docomo.jpg,three_o’clock
emoji_embedding/data/emojipedia/three_o’clock/samsung.jpg,three_o’clock
emoji_embedding/data/emojipedia/three_o’clock/microsoft.jpg,three_o’clock
emoji_embedding/data/emojipedia/three_o’clock/apple.jpg,three_o’clock
emoji_embedding/data/emojipedia/three_o’clock/skype.jpg,three_o’clock
emoji_embedding/data/emojipedia/three_o’clock/messenger.jpg,three_o’clock
emoji_embedding/data/emojipedia/three_o’clock/emojidex.jpg,three_o’clock
emoji_embedding/data/emojipedia/three_o’clock/twitter.jpg,three_o’clock
emoji_embedding/data/emojipedia/three_o’clock/joypixels.jpg,three_o’clock
emoji_embedding/data/emojipedia/three_o’clock/openmoji.jpg,three_o’clock
emoji_embedding/data/emojipedia/three_o’clock/whatsapp.jpg,three_o’clock
emoji_embedding/data/emojipedia/three_o’clock/google.jpg,three_o’clock
emoji_embedding/data/emojipedia/three_o’clock/facebook.jpg,three_o’clock
emoji_embedding/data/emojipedia/radio/htc.jpg,radio
emoji_embedding/data/emojipedia/radio/lg.jpg,radio
emoji_embedding/data/emojipedia/radio/mozilla.jpg,radio
emoji_embedding/data/emojipedia/radio/softbank.jpg,radio
emoji_embedding/data/emojipedia/radio/docomo.jpg,radio
emoji_embedding/data/emojipedia/radio/samsung.jpg,radio
emoji_embedding/data/emojipedia/radio/microsoft.jpg,radio
emoji_embedding/data/emojipedia/radio/apple.jpg,radio
emoji_embedding/data/emojipedia/radio/skype.jpg,radio
emoji_embedding/data/emojipedia/radio/messenger.jpg,radio
emoji_embedding/data/emojipedia/radio/emojidex.jpg,radio
emoji_embedding/data/emojipedia/radio/twitter.jpg,radio
emoji_embedding/data/emojipedia/radio/joypixels.jpg,radio
emoji_embedding/data/emojipedia/radio/openmoji.jpg,radio
emoji_embedding/data/emojipedia/radio/au_by_kddi.jpg,radio
emoji_embedding/data/emojipedia/radio/whatsapp.jpg,radio
emoji_embedding/data/emojipedia/radio/google.jpg,radio
emoji_embedding/data/emojipedia/radio/facebook.jpg,radio
emoji_embedding/data/emojipedia/exploding_head/lg.jpg,exploding_head
emoji_embedding/data/emojipedia/exploding_head/samsung.jpg,exploding_head
emoji_embedding/data/emojipedia/exploding_head/microsoft.jpg,exploding_head
emoji_embedding/data/emojipedia/exploding_head/apple.jpg,exploding_head
emoji_embedding/data/emojipedia/exploding_head/skype.jpg,exploding_head
emoji_embedding/data/emojipedia/exploding_head/twitter.jpg,exploding_head
emoji_embedding/data/emojipedia/exploding_head/joypixels.jpg,exploding_head
emoji_embedding/data/emojipedia/exploding_head/openmoji.jpg,exploding_head
emoji_embedding/data/emojipedia/exploding_head/emojipedia.jpg,exploding_head
emoji_embedding/data/emojipedia/exploding_head/whatsapp.jpg,exploding_head
emoji_embedding/data/emojipedia/exploding_head/google.jpg,exploding_head
emoji_embedding/data/emojipedia/exploding_head/facebook.jpg,exploding_head
emoji_embedding/data/emojipedia/bookmark/htc.jpg,bookmark
emoji_embedding/data/emojipedia/bookmark/lg.jpg,bookmark
emoji_embedding/data/emojipedia/bookmark/mozilla.jpg,bookmark
emoji_embedding/data/emojipedia/bookmark/softbank.jpg,bookmark
emoji_embedding/data/emojipedia/bookmark/docomo.jpg,bookmark
emoji_embedding/data/emojipedia/bookmark/samsung.jpg,bookmark
emoji_embedding/data/emojipedia/bookmark/microsoft.jpg,bookmark
emoji_embedding/data/emojipedia/bookmark/apple.jpg,bookmark
emoji_embedding/data/emojipedia/bookmark/skype.jpg,bookmark
emoji_embedding/data/emojipedia/bookmark/messenger.jpg,bookmark
emoji_embedding/data/emojipedia/bookmark/emojidex.jpg,bookmark
emoji_embedding/data/emojipedia/bookmark/twitter.jpg,bookmark
emoji_embedding/data/emojipedia/bookmark/joypixels.jpg,bookmark
emoji_embedding/data/emojipedia/bookmark/openmoji.jpg,bookmark
emoji_embedding/data/emojipedia/bookmark/au_by_kddi.jpg,bookmark
emoji_embedding/data/emojipedia/bookmark/whatsapp.jpg,bookmark
emoji_embedding/data/emojipedia/bookmark/google.jpg,bookmark
emoji_embedding/data/emojipedia/bookmark/facebook.jpg,bookmark
emoji_embedding/data/emojipedia/mountain_railway/htc.jpg,mountain_railway
emoji_embedding/data/emojipedia/mountain_railway/lg.jpg,mountain_railway
emoji_embedding/data/emojipedia/mountain_railway/mozilla.jpg,mountain_railway
emoji_embedding/data/emojipedia/mountain_railway/samsung.jpg,mountain_railway
emoji_embedding/data/emojipedia/mountain_railway/microsoft.jpg,mountain_railway
emoji_embedding/data/emojipedia/mountain_railway/apple.jpg,mountain_railway
emoji_embedding/data/emojipedia/mountain_railway/skype.jpg,mountain_railway
emoji_embedding/data/emojipedia/mountain_railway/messenger.jpg,mountain_railway
emoji_embedding/data/emojipedia/mountain_railway/emojidex.jpg,mountain_railway
emoji_embedding/data/emojipedia/mountain_railway/twitter.jpg,mountain_railway
emoji_embedding/data/emojipedia/mountain_railway/joypixels.jpg,mountain_railway
emoji_embedding/data/emojipedia/mountain_railway/openmoji.jpg,mountain_railway
emoji_embedding/data/emojipedia/mountain_railway/whatsapp.jpg,mountain_railway
emoji_embedding/data/emojipedia/mountain_railway/google.jpg,mountain_railway
emoji_embedding/data/emojipedia/mountain_railway/facebook.jpg,mountain_railway
emoji_embedding/data/emojipedia/japanese_castle/htc.jpg,japanese_castle
emoji_embedding/data/emojipedia/japanese_castle/lg.jpg,japanese_castle
emoji_embedding/data/emojipedia/japanese_castle/mozilla.jpg,japanese_castle
emoji_embedding/data/emojipedia/japanese_castle/softbank.jpg,japanese_castle
emoji_embedding/data/emojipedia/japanese_castle/docomo.jpg,japanese_castle
emoji_embedding/data/emojipedia/japanese_castle/samsung.jpg,japanese_castle
emoji_embedding/data/emojipedia/japanese_castle/microsoft.jpg,japanese_castle
emoji_embedding/data/emojipedia/japanese_castle/apple.jpg,japanese_castle
emoji_embedding/data/emojipedia/japanese_castle/skype.jpg,japanese_castle
emoji_embedding/data/emojipedia/japanese_castle/messenger.jpg,japanese_castle
emoji_embedding/data/emojipedia/japanese_castle/emojidex.jpg,japanese_castle
emoji_embedding/data/emojipedia/japanese_castle/twitter.jpg,japanese_castle
emoji_embedding/data/emojipedia/japanese_castle/joypixels.jpg,japanese_castle
emoji_embedding/data/emojipedia/japanese_castle/openmoji.jpg,japanese_castle
emoji_embedding/data/emojipedia/japanese_castle/au_by_kddi.jpg,japanese_castle
emoji_embedding/data/emojipedia/japanese_castle/whatsapp.jpg,japanese_castle
emoji_embedding/data/emojipedia/japanese_castle/google.jpg,japanese_castle
emoji_embedding/data/emojipedia/japanese_castle/facebook.jpg,japanese_castle
emoji_embedding/data/emojipedia/flag:_comoros/lg.jpg,flag:_comoros
emoji_embedding/data/emojipedia/flag:_comoros/samsung.jpg,flag:_comoros
emoji_embedding/data/emojipedia/flag:_comoros/apple.jpg,flag:_comoros
emoji_embedding/data/emojipedia/flag:_comoros/skype.jpg,flag:_comoros
emoji_embedding/data/emojipedia/flag:_comoros/twitter.jpg,flag:_comoros
emoji_embedding/data/emojipedia/flag:_comoros/joypixels.jpg,flag:_comoros
emoji_embedding/data/emojipedia/flag:_comoros/openmoji.jpg,flag:_comoros
emoji_embedding/data/emojipedia/flag:_comoros/whatsapp.jpg,flag:_comoros
emoji_embedding/data/emojipedia/flag:_comoros/google.jpg,flag:_comoros
emoji_embedding/data/emojipedia/flag:_comoros/facebook.jpg,flag:_comoros
emoji_embedding/data/emojipedia/cupcake/lg.jpg,cupcake
emoji_embedding/data/emojipedia/cupcake/samsung.jpg,cupcake
emoji_embedding/data/emojipedia/cupcake/microsoft.jpg,cupcake
emoji_embedding/data/emojipedia/cupcake/apple.jpg,cupcake
emoji_embedding/data/emojipedia/cupcake/skype.jpg,cupcake
emoji_embedding/data/emojipedia/cupcake/twitter.jpg,cupcake
emoji_embedding/data/emojipedia/cupcake/joypixels.jpg,cupcake
emoji_embedding/data/emojipedia/cupcake/openmoji.jpg,cupcake
emoji_embedding/data/emojipedia/cupcake/emojipedia.jpg,cupcake
emoji_embedding/data/emojipedia/cupcake/whatsapp.jpg,cupcake
emoji_embedding/data/emojipedia/cupcake/google.jpg,cupcake
emoji_embedding/data/emojipedia/cupcake/facebook.jpg,cupcake
emoji_embedding/data/emojipedia/flag:_kazakhstan/lg.jpg,flag:_kazakhstan
emoji_embedding/data/emojipedia/flag:_kazakhstan/samsung.jpg,flag:_kazakhstan
emoji_embedding/data/emojipedia/flag:_kazakhstan/apple.jpg,flag:_kazakhstan
emoji_embedding/data/emojipedia/flag:_kazakhstan/skype.jpg,flag:_kazakhstan
emoji_embedding/data/emojipedia/flag:_kazakhstan/twitter.jpg,flag:_kazakhstan
emoji_embedding/data/emojipedia/flag:_kazakhstan/joypixels.jpg,flag:_kazakhstan
emoji_embedding/data/emojipedia/flag:_kazakhstan/openmoji.jpg,flag:_kazakhstan
emoji_embedding/data/emojipedia/flag:_kazakhstan/whatsapp.jpg,flag:_kazakhstan
emoji_embedding/data/emojipedia/flag:_kazakhstan/google.jpg,flag:_kazakhstan
emoji_embedding/data/emojipedia/flag:_kazakhstan/facebook.jpg,flag:_kazakhstan
emoji_embedding/data/emojipedia/camping/lg.jpg,camping
emoji_embedding/data/emojipedia/camping/samsung.jpg,camping
emoji_embedding/data/emojipedia/camping/microsoft.jpg,camping
emoji_embedding/data/emojipedia/camping/apple.jpg,camping
emoji_embedding/data/emojipedia/camping/skype.jpg,camping
emoji_embedding/data/emojipedia/camping/emojidex.jpg,camping
emoji_embedding/data/emojipedia/camping/twitter.jpg,camping
emoji_embedding/data/emojipedia/camping/joypixels.jpg,camping
emoji_embedding/data/emojipedia/camping/openmoji.jpg,camping
emoji_embedding/data/emojipedia/camping/whatsapp.jpg,camping
emoji_embedding/data/emojipedia/camping/google.jpg,camping
emoji_embedding/data/emojipedia/camping/facebook.jpg,camping
emoji_embedding/data/emojipedia/3rd_place_medal/lg.jpg,3rd_place_medal
emoji_embedding/data/emojipedia/3rd_place_medal/samsung.jpg,3rd_place_medal
emoji_embedding/data/emojipedia/3rd_place_medal/microsoft.jpg,3rd_place_medal
emoji_embedding/data/emojipedia/3rd_place_medal/apple.jpg,3rd_place_medal
emoji_embedding/data/emojipedia/3rd_place_medal/skype.jpg,3rd_place_medal
emoji_embedding/data/emojipedia/3rd_place_medal/emojidex.jpg,3rd_place_medal
emoji_embedding/data/emojipedia/3rd_place_medal/twitter.jpg,3rd_place_medal
emoji_embedding/data/emojipedia/3rd_place_medal/joypixels.jpg,3rd_place_medal
emoji_embedding/data/emojipedia/3rd_place_medal/openmoji.jpg,3rd_place_medal
emoji_embedding/data/emojipedia/3rd_place_medal/emojipedia.jpg,3rd_place_medal
emoji_embedding/data/emojipedia/3rd_place_medal/whatsapp.jpg,3rd_place_medal
emoji_embedding/data/emojipedia/3rd_place_medal/google.jpg,3rd_place_medal
emoji_embedding/data/emojipedia/3rd_place_medal/facebook.jpg,3rd_place_medal
emoji_embedding/data/emojipedia/magic_wand/samsung.jpg,magic_wand
emoji_embedding/data/emojipedia/magic_wand/microsoft.jpg,magic_wand
emoji_embedding/data/emojipedia/magic_wand/apple.jpg,magic_wand
emoji_embedding/data/emojipedia/magic_wand/skype.jpg,magic_wand
emoji_embedding/data/emojipedia/magic_wand/twitter.jpg,magic_wand
emoji_embedding/data/emojipedia/magic_wand/joypixels.jpg,magic_wand
emoji_embedding/data/emojipedia/magic_wand/openmoji.jpg,magic_wand
emoji_embedding/data/emojipedia/magic_wand/emojipedia.jpg,magic_wand
emoji_embedding/data/emojipedia/magic_wand/whatsapp.jpg,magic_wand
emoji_embedding/data/emojipedia/magic_wand/google.jpg,magic_wand
emoji_embedding/data/emojipedia/magic_wand/facebook.jpg,magic_wand
emoji_embedding/data/emojipedia/woman_surfing/lg.jpg,woman_surfing
emoji_embedding/data/emojipedia/woman_surfing/samsung.jpg,woman_surfing
emoji_embedding/data/emojipedia/woman_surfing/microsoft.jpg,woman_surfing
emoji_embedding/data/emojipedia/woman_surfing/apple.jpg,woman_surfing
emoji_embedding/data/emojipedia/woman_surfing/skype.jpg,woman_surfing
emoji_embedding/data/emojipedia/woman_surfing/twitter.jpg,woman_surfing
emoji_embedding/data/emojipedia/woman_surfing/joypixels.jpg,woman_surfing
emoji_embedding/data/emojipedia/woman_surfing/openmoji.jpg,woman_surfing
emoji_embedding/data/emojipedia/woman_surfing/whatsapp.jpg,woman_surfing
emoji_embedding/data/emojipedia/woman_surfing/google.jpg,woman_surfing
emoji_embedding/data/emojipedia/woman_surfing/facebook.jpg,woman_surfing
emoji_embedding/data/emojipedia/footprints/htc.jpg,footprints
emoji_embedding/data/emojipedia/footprints/lg.jpg,footprints
emoji_embedding/data/emojipedia/footprints/mozilla.jpg,footprints
emoji_embedding/data/emojipedia/footprints/softbank.jpg,footprints
emoji_embedding/data/emojipedia/footprints/docomo.jpg,footprints
emoji_embedding/data/emojipedia/footprints/samsung.jpg,footprints
emoji_embedding/data/emojipedia/footprints/microsoft.jpg,footprints
emoji_embedding/data/emojipedia/footprints/apple.jpg,footprints
emoji_embedding/data/emojipedia/footprints/skype.jpg,footprints
emoji_embedding/data/emojipedia/footprints/messenger.jpg,footprints
emoji_embedding/data/emojipedia/footprints/emojidex.jpg,footprints
emoji_embedding/data/emojipedia/footprints/twitter.jpg,footprints
emoji_embedding/data/emojipedia/footprints/joypixels.jpg,footprints
emoji_embedding/data/emojipedia/footprints/openmoji.jpg,footprints
emoji_embedding/data/emojipedia/footprints/au_by_kddi.jpg,footprints
emoji_embedding/data/emojipedia/footprints/whatsapp.jpg,footprints
emoji_embedding/data/emojipedia/footprints/google.jpg,footprints
emoji_embedding/data/emojipedia/footprints/facebook.jpg,footprints
emoji_embedding/data/emojipedia/person_gesturing_no/htc.jpg,person_gesturing_no
emoji_embedding/data/emojipedia/person_gesturing_no/lg.jpg,person_gesturing_no
emoji_embedding/data/emojipedia/person_gesturing_no/mozilla.jpg,person_gesturing_no
emoji_embedding/data/emojipedia/person_gesturing_no/softbank.jpg,person_gesturing_no
emoji_embedding/data/emojipedia/person_gesturing_no/docomo.jpg,person_gesturing_no
emoji_embedding/data/emojipedia/person_gesturing_no/samsung.jpg,person_gesturing_no
emoji_embedding/data/emojipedia/person_gesturing_no/microsoft.jpg,person_gesturing_no
emoji_embedding/data/emojipedia/person_gesturing_no/apple.jpg,person_gesturing_no
emoji_embedding/data/emojipedia/person_gesturing_no/skype.jpg,person_gesturing_no
emoji_embedding/data/emojipedia/person_gesturing_no/messenger.jpg,person_gesturing_no
emoji_embedding/data/emojipedia/person_gesturing_no/emojidex.jpg,person_gesturing_no
emoji_embedding/data/emojipedia/person_gesturing_no/twitter.jpg,person_gesturing_no
emoji_embedding/data/emojipedia/person_gesturing_no/joypixels.jpg,person_gesturing_no
emoji_embedding/data/emojipedia/person_gesturing_no/openmoji.jpg,person_gesturing_no
emoji_embedding/data/emojipedia/person_gesturing_no/au_by_kddi.jpg,person_gesturing_no
emoji_embedding/data/emojipedia/person_gesturing_no/whatsapp.jpg,person_gesturing_no
emoji_embedding/data/emojipedia/person_gesturing_no/google.jpg,person_gesturing_no
emoji_embedding/data/emojipedia/person_gesturing_no/facebook.jpg,person_gesturing_no
emoji_embedding/data/emojipedia/flag:_eritrea/lg.jpg,flag:_eritrea
emoji_embedding/data/emojipedia/flag:_eritrea/samsung.jpg,flag:_eritrea
emoji_embedding/data/emojipedia/flag:_eritrea/apple.jpg,flag:_eritrea
emoji_embedding/data/emojipedia/flag:_eritrea/skype.jpg,flag:_eritrea
emoji_embedding/data/emojipedia/flag:_eritrea/twitter.jpg,flag:_eritrea
emoji_embedding/data/emojipedia/flag:_eritrea/joypixels.jpg,flag:_eritrea
emoji_embedding/data/emojipedia/flag:_eritrea/openmoji.jpg,flag:_eritrea
emoji_embedding/data/emojipedia/flag:_eritrea/whatsapp.jpg,flag:_eritrea
emoji_embedding/data/emojipedia/flag:_eritrea/google.jpg,flag:_eritrea
emoji_embedding/data/emojipedia/flag:_eritrea/facebook.jpg,flag:_eritrea
emoji_embedding/data/emojipedia/fax_machine/htc.jpg,fax_machine
emoji_embedding/data/emojipedia/fax_machine/lg.jpg,fax_machine
emoji_embedding/data/emojipedia/fax_machine/mozilla.jpg,fax_machine
emoji_embedding/data/emojipedia/fax_machine/softbank.jpg,fax_machine
emoji_embedding/data/emojipedia/fax_machine/docomo.jpg,fax_machine
emoji_embedding/data/emojipedia/fax_machine/samsung.jpg,fax_machine
emoji_embedding/data/emojipedia/fax_machine/microsoft.jpg,fax_machine
emoji_embedding/data/emojipedia/fax_machine/apple.jpg,fax_machine
emoji_embedding/data/emojipedia/fax_machine/skype.jpg,fax_machine
emoji_embedding/data/emojipedia/fax_machine/messenger.jpg,fax_machine
emoji_embedding/data/emojipedia/fax_machine/emojidex.jpg,fax_machine
emoji_embedding/data/emojipedia/fax_machine/twitter.jpg,fax_machine
emoji_embedding/data/emojipedia/fax_machine/joypixels.jpg,fax_machine
emoji_embedding/data/emojipedia/fax_machine/openmoji.jpg,fax_machine
emoji_embedding/data/emojipedia/fax_machine/au_by_kddi.jpg,fax_machine
emoji_embedding/data/emojipedia/fax_machine/whatsapp.jpg,fax_machine
emoji_embedding/data/emojipedia/fax_machine/google.jpg,fax_machine
emoji_embedding/data/emojipedia/fax_machine/facebook.jpg,fax_machine
emoji_embedding/data/emojipedia/white_square_button/htc.jpg,white_square_button
emoji_embedding/data/emojipedia/white_square_button/lg.jpg,white_square_button
emoji_embedding/data/emojipedia/white_square_button/mozilla.jpg,white_square_button
emoji_embedding/data/emojipedia/white_square_button/softbank.jpg,white_square_button
emoji_embedding/data/emojipedia/white_square_button/docomo.jpg,white_square_button
emoji_embedding/data/emojipedia/white_square_button/samsung.jpg,white_square_button
emoji_embedding/data/emojipedia/white_square_button/microsoft.jpg,white_square_button
emoji_embedding/data/emojipedia/white_square_button/apple.jpg,white_square_button
emoji_embedding/data/emojipedia/white_square_button/skype.jpg,white_square_button
emoji_embedding/data/emojipedia/white_square_button/messenger.jpg,white_square_button
emoji_embedding/data/emojipedia/white_square_button/emojidex.jpg,white_square_button
emoji_embedding/data/emojipedia/white_square_button/twitter.jpg,white_square_button
emoji_embedding/data/emojipedia/white_square_button/joypixels.jpg,white_square_button
emoji_embedding/data/emojipedia/white_square_button/openmoji.jpg,white_square_button
emoji_embedding/data/emojipedia/white_square_button/whatsapp.jpg,white_square_button
emoji_embedding/data/emojipedia/white_square_button/google.jpg,white_square_button
emoji_embedding/data/emojipedia/white_square_button/facebook.jpg,white_square_button
emoji_embedding/data/emojipedia/om/lg.jpg,om
emoji_embedding/data/emojipedia/om/samsung.jpg,om
emoji_embedding/data/emojipedia/om/microsoft.jpg,om
emoji_embedding/data/emojipedia/om/apple.jpg,om
emoji_embedding/data/emojipedia/om/skype.jpg,om
emoji_embedding/data/emojipedia/om/emojidex.jpg,om
emoji_embedding/data/emojipedia/om/twitter.jpg,om
emoji_embedding/data/emojipedia/om/joypixels.jpg,om
emoji_embedding/data/emojipedia/om/openmoji.jpg,om
emoji_embedding/data/emojipedia/om/whatsapp.jpg,om
emoji_embedding/data/emojipedia/om/google.jpg,om
emoji_embedding/data/emojipedia/om/facebook.jpg,om
emoji_embedding/data/emojipedia/hundred_points/htc.jpg,hundred_points
emoji_embedding/data/emojipedia/hundred_points/lg.jpg,hundred_points
emoji_embedding/data/emojipedia/hundred_points/mozilla.jpg,hundred_points
emoji_embedding/data/emojipedia/hundred_points/softbank.jpg,hundred_points
emoji_embedding/data/emojipedia/hundred_points/docomo.jpg,hundred_points
emoji_embedding/data/emojipedia/hundred_points/samsung.jpg,hundred_points
emoji_embedding/data/emojipedia/hundred_points/microsoft.jpg,hundred_points
emoji_embedding/data/emojipedia/hundred_points/apple.jpg,hundred_points
emoji_embedding/data/emojipedia/hundred_points/skype.jpg,hundred_points
emoji_embedding/data/emojipedia/hundred_points/messenger.jpg,hundred_points
emoji_embedding/data/emojipedia/hundred_points/emojidex.jpg,hundred_points
emoji_embedding/data/emojipedia/hundred_points/twitter.jpg,hundred_points
emoji_embedding/data/emojipedia/hundred_points/joypixels.jpg,hundred_points
emoji_embedding/data/emojipedia/hundred_points/openmoji.jpg,hundred_points
emoji_embedding/data/emojipedia/hundred_points/au_by_kddi.jpg,hundred_points
emoji_embedding/data/emojipedia/hundred_points/whatsapp.jpg,hundred_points
emoji_embedding/data/emojipedia/hundred_points/google.jpg,hundred_points
emoji_embedding/data/emojipedia/hundred_points/facebook.jpg,hundred_points
emoji_embedding/data/emojipedia/triangular_flag/htc.jpg,triangular_flag
emoji_embedding/data/emojipedia/triangular_flag/lg.jpg,triangular_flag
emoji_embedding/data/emojipedia/triangular_flag/mozilla.jpg,triangular_flag
emoji_embedding/data/emojipedia/triangular_flag/softbank.jpg,triangular_flag
emoji_embedding/data/emojipedia/triangular_flag/docomo.jpg,triangular_flag
emoji_embedding/data/emojipedia/triangular_flag/samsung.jpg,triangular_flag
emoji_embedding/data/emojipedia/triangular_flag/microsoft.jpg,triangular_flag
emoji_embedding/data/emojipedia/triangular_flag/apple.jpg,triangular_flag
emoji_embedding/data/emojipedia/triangular_flag/skype.jpg,triangular_flag
emoji_embedding/data/emojipedia/triangular_flag/messenger.jpg,triangular_flag
emoji_embedding/data/emojipedia/triangular_flag/emojidex.jpg,triangular_flag
emoji_embedding/data/emojipedia/triangular_flag/twitter.jpg,triangular_flag
emoji_embedding/data/emojipedia/triangular_flag/joypixels.jpg,triangular_flag
emoji_embedding/data/emojipedia/triangular_flag/openmoji.jpg,triangular_flag
emoji_embedding/data/emojipedia/triangular_flag/au_by_kddi.jpg,triangular_flag
emoji_embedding/data/emojipedia/triangular_flag/whatsapp.jpg,triangular_flag
emoji_embedding/data/emojipedia/triangular_flag/google.jpg,triangular_flag
emoji_embedding/data/emojipedia/triangular_flag/facebook.jpg,triangular_flag
emoji_embedding/data/emojipedia/person_in_lotus_position/lg.jpg,person_in_lotus_position
emoji_embedding/data/emojipedia/person_in_lotus_position/samsung.jpg,person_in_lotus_position
emoji_embedding/data/emojipedia/person_in_lotus_position/microsoft.jpg,person_in_lotus_position
emoji_embedding/data/emojipedia/person_in_lotus_position/apple.jpg,person_in_lotus_position
emoji_embedding/data/emojipedia/person_in_lotus_position/skype.jpg,person_in_lotus_position
emoji_embedding/data/emojipedia/person_in_lotus_position/twitter.jpg,person_in_lotus_position
emoji_embedding/data/emojipedia/person_in_lotus_position/joypixels.jpg,person_in_lotus_position
emoji_embedding/data/emojipedia/person_in_lotus_position/openmoji.jpg,person_in_lotus_position
emoji_embedding/data/emojipedia/person_in_lotus_position/emojipedia.jpg,person_in_lotus_position
emoji_embedding/data/emojipedia/person_in_lotus_position/whatsapp.jpg,person_in_lotus_position
emoji_embedding/data/emojipedia/person_in_lotus_position/google.jpg,person_in_lotus_position
emoji_embedding/data/emojipedia/person_in_lotus_position/facebook.jpg,person_in_lotus_position
emoji_embedding/data/emojipedia/person:_curly_hair/samsung.jpg,person:_curly_hair
emoji_embedding/data/emojipedia/person:_curly_hair/microsoft.jpg,person:_curly_hair
emoji_embedding/data/emojipedia/person:_curly_hair/apple.jpg,person:_curly_hair
emoji_embedding/data/emojipedia/person:_curly_hair/twitter.jpg,person:_curly_hair
emoji_embedding/data/emojipedia/person:_curly_hair/joypixels.jpg,person:_curly_hair
emoji_embedding/data/emojipedia/person:_curly_hair/openmoji.jpg,person:_curly_hair
emoji_embedding/data/emojipedia/person:_curly_hair/whatsapp.jpg,person:_curly_hair
emoji_embedding/data/emojipedia/person:_curly_hair/google.jpg,person:_curly_hair
emoji_embedding/data/emojipedia/person:_curly_hair/facebook.jpg,person:_curly_hair
emoji_embedding/data/emojipedia/flag:_french_southern_territories/lg.jpg,flag:_french_southern_territories
emoji_embedding/data/emojipedia/flag:_french_southern_territories/samsung.jpg,flag:_french_southern_territories
emoji_embedding/data/emojipedia/flag:_french_southern_territories/apple.jpg,flag:_french_southern_territories
emoji_embedding/data/emojipedia/flag:_french_southern_territories/skype.jpg,flag:_french_southern_territories
emoji_embedding/data/emojipedia/flag:_french_southern_territories/twitter.jpg,flag:_french_southern_territories
emoji_embedding/data/emojipedia/flag:_french_southern_territories/joypixels.jpg,flag:_french_southern_territories
emoji_embedding/data/emojipedia/flag:_french_southern_territories/openmoji.jpg,flag:_french_southern_territories
emoji_embedding/data/emojipedia/flag:_french_southern_territories/whatsapp.jpg,flag:_french_southern_territories
emoji_embedding/data/emojipedia/flag:_french_southern_territories/google.jpg,flag:_french_southern_territories
emoji_embedding/data/emojipedia/flag:_french_southern_territories/facebook.jpg,flag:_french_southern_territories
emoji_embedding/data/emojipedia/clapping_hands/htc.jpg,clapping_hands
emoji_embedding/data/emojipedia/clapping_hands/lg.jpg,clapping_hands
emoji_embedding/data/emojipedia/clapping_hands/mozilla.jpg,clapping_hands
emoji_embedding/data/emojipedia/clapping_hands/softbank.jpg,clapping_hands
emoji_embedding/data/emojipedia/clapping_hands/docomo.jpg,clapping_hands
emoji_embedding/data/emojipedia/clapping_hands/samsung.jpg,clapping_hands
emoji_embedding/data/emojipedia/clapping_hands/microsoft.jpg,clapping_hands
emoji_embedding/data/emojipedia/clapping_hands/apple.jpg,clapping_hands
emoji_embedding/data/emojipedia/clapping_hands/skype.jpg,clapping_hands
emoji_embedding/data/emojipedia/clapping_hands/messenger.jpg,clapping_hands
emoji_embedding/data/emojipedia/clapping_hands/emojidex.jpg,clapping_hands
emoji_embedding/data/emojipedia/clapping_hands/twitter.jpg,clapping_hands
emoji_embedding/data/emojipedia/clapping_hands/joypixels.jpg,clapping_hands
emoji_embedding/data/emojipedia/clapping_hands/openmoji.jpg,clapping_hands
emoji_embedding/data/emojipedia/clapping_hands/au_by_kddi.jpg,clapping_hands
emoji_embedding/data/emojipedia/clapping_hands/whatsapp.jpg,clapping_hands
emoji_embedding/data/emojipedia/clapping_hands/google.jpg,clapping_hands
emoji_embedding/data/emojipedia/clapping_hands/facebook.jpg,clapping_hands
emoji_embedding/data/emojipedia/otter/lg.jpg,otter
emoji_embedding/data/emojipedia/otter/samsung.jpg,otter
emoji_embedding/data/emojipedia/otter/microsoft.jpg,otter
emoji_embedding/data/emojipedia/otter/apple.jpg,otter
emoji_embedding/data/emojipedia/otter/skype.jpg,otter
emoji_embedding/data/emojipedia/otter/twitter.jpg,otter
emoji_embedding/data/emojipedia/otter/joypixels.jpg,otter
emoji_embedding/data/emojipedia/otter/openmoji.jpg,otter
emoji_embedding/data/emojipedia/otter/emojipedia.jpg,otter
emoji_embedding/data/emojipedia/otter/whatsapp.jpg,otter
emoji_embedding/data/emojipedia/otter/google.jpg,otter
emoji_embedding/data/emojipedia/otter/facebook.jpg,otter
emoji_embedding/data/emojipedia/flag:_mozambique/lg.jpg,flag:_mozambique
emoji_embedding/data/emojipedia/flag:_mozambique/samsung.jpg,flag:_mozambique
emoji_embedding/data/emojipedia/flag:_mozambique/apple.jpg,flag:_mozambique
emoji_embedding/data/emojipedia/flag:_mozambique/skype.jpg,flag:_mozambique
emoji_embedding/data/emojipedia/flag:_mozambique/twitter.jpg,flag:_mozambique
emoji_embedding/data/emojipedia/flag:_mozambique/joypixels.jpg,flag:_mozambique
emoji_embedding/data/emojipedia/flag:_mozambique/openmoji.jpg,flag:_mozambique
emoji_embedding/data/emojipedia/flag:_mozambique/whatsapp.jpg,flag:_mozambique
emoji_embedding/data/emojipedia/flag:_mozambique/google.jpg,flag:_mozambique
emoji_embedding/data/emojipedia/flag:_mozambique/facebook.jpg,flag:_mozambique
emoji_embedding/data/emojipedia/vibration_mode/htc.jpg,vibration_mode
emoji_embedding/data/emojipedia/vibration_mode/lg.jpg,vibration_mode
emoji_embedding/data/emojipedia/vibration_mode/mozilla.jpg,vibration_mode
emoji_embedding/data/emojipedia/vibration_mode/softbank.jpg,vibration_mode
emoji_embedding/data/emojipedia/vibration_mode/docomo.jpg,vibration_mode
emoji_embedding/data/emojipedia/vibration_mode/samsung.jpg,vibration_mode
emoji_embedding/data/emojipedia/vibration_mode/microsoft.jpg,vibration_mode
emoji_embedding/data/emojipedia/vibration_mode/apple.jpg,vibration_mode
emoji_embedding/data/emojipedia/vibration_mode/skype.jpg,vibration_mode
emoji_embedding/data/emojipedia/vibration_mode/messenger.jpg,vibration_mode
emoji_embedding/data/emojipedia/vibration_mode/emojidex.jpg,vibration_mode
emoji_embedding/data/emojipedia/vibration_mode/twitter.jpg,vibration_mode
emoji_embedding/data/emojipedia/vibration_mode/joypixels.jpg,vibration_mode
emoji_embedding/data/emojipedia/vibration_mode/openmoji.jpg,vibration_mode
emoji_embedding/data/emojipedia/vibration_mode/au_by_kddi.jpg,vibration_mode
emoji_embedding/data/emojipedia/vibration_mode/whatsapp.jpg,vibration_mode
emoji_embedding/data/emojipedia/vibration_mode/google.jpg,vibration_mode
emoji_embedding/data/emojipedia/vibration_mode/facebook.jpg,vibration_mode
emoji_embedding/data/emojipedia/woman_in_lotus_position/lg.jpg,woman_in_lotus_position
emoji_embedding/data/emojipedia/woman_in_lotus_position/samsung.jpg,woman_in_lotus_position
emoji_embedding/data/emojipedia/woman_in_lotus_position/microsoft.jpg,woman_in_lotus_position
emoji_embedding/data/emojipedia/woman_in_lotus_position/apple.jpg,woman_in_lotus_position
emoji_embedding/data/emojipedia/woman_in_lotus_position/skype.jpg,woman_in_lotus_position
emoji_embedding/data/emojipedia/woman_in_lotus_position/emojidex.jpg,woman_in_lotus_position
emoji_embedding/data/emojipedia/woman_in_lotus_position/twitter.jpg,woman_in_lotus_position
emoji_embedding/data/emojipedia/woman_in_lotus_position/joypixels.jpg,woman_in_lotus_position
emoji_embedding/data/emojipedia/woman_in_lotus_position/openmoji.jpg,woman_in_lotus_position
emoji_embedding/data/emojipedia/woman_in_lotus_position/emojipedia.jpg,woman_in_lotus_position
emoji_embedding/data/emojipedia/woman_in_lotus_position/whatsapp.jpg,woman_in_lotus_position
emoji_embedding/data/emojipedia/woman_in_lotus_position/google.jpg,woman_in_lotus_position
emoji_embedding/data/emojipedia/woman_in_lotus_position/facebook.jpg,woman_in_lotus_position
emoji_embedding/data/emojipedia/nine-thirty/htc.jpg,nine-thirty
emoji_embedding/data/emojipedia/nine-thirty/lg.jpg,nine-thirty
emoji_embedding/data/emojipedia/nine-thirty/samsung.jpg,nine-thirty
emoji_embedding/data/emojipedia/nine-thirty/microsoft.jpg,nine-thirty
emoji_embedding/data/emojipedia/nine-thirty/apple.jpg,nine-thirty
emoji_embedding/data/emojipedia/nine-thirty/skype.jpg,nine-thirty
emoji_embedding/data/emojipedia/nine-thirty/messenger.jpg,nine-thirty
emoji_embedding/data/emojipedia/nine-thirty/emojidex.jpg,nine-thirty
emoji_embedding/data/emojipedia/nine-thirty/twitter.jpg,nine-thirty
emoji_embedding/data/emojipedia/nine-thirty/joypixels.jpg,nine-thirty
emoji_embedding/data/emojipedia/nine-thirty/openmoji.jpg,nine-thirty
emoji_embedding/data/emojipedia/nine-thirty/whatsapp.jpg,nine-thirty
emoji_embedding/data/emojipedia/nine-thirty/google.jpg,nine-thirty
emoji_embedding/data/emojipedia/nine-thirty/facebook.jpg,nine-thirty
emoji_embedding/data/emojipedia/eight-thirty/htc.jpg,eight-thirty
emoji_embedding/data/emojipedia/eight-thirty/lg.jpg,eight-thirty
emoji_embedding/data/emojipedia/eight-thirty/samsung.jpg,eight-thirty
emoji_embedding/data/emojipedia/eight-thirty/microsoft.jpg,eight-thirty
emoji_embedding/data/emojipedia/eight-thirty/apple.jpg,eight-thirty
emoji_embedding/data/emojipedia/eight-thirty/skype.jpg,eight-thirty
emoji_embedding/data/emojipedia/eight-thirty/messenger.jpg,eight-thirty
emoji_embedding/data/emojipedia/eight-thirty/emojidex.jpg,eight-thirty
emoji_embedding/data/emojipedia/eight-thirty/twitter.jpg,eight-thirty
emoji_embedding/data/emojipedia/eight-thirty/joypixels.jpg,eight-thirty
emoji_embedding/data/emojipedia/eight-thirty/openmoji.jpg,eight-thirty
emoji_embedding/data/emojipedia/eight-thirty/whatsapp.jpg,eight-thirty
emoji_embedding/data/emojipedia/eight-thirty/google.jpg,eight-thirty
emoji_embedding/data/emojipedia/eight-thirty/facebook.jpg,eight-thirty
emoji_embedding/data/emojipedia/flag:_guatemala/lg.jpg,flag:_guatemala
emoji_embedding/data/emojipedia/flag:_guatemala/samsung.jpg,flag:_guatemala
emoji_embedding/data/emojipedia/flag:_guatemala/apple.jpg,flag:_guatemala
emoji_embedding/data/emojipedia/flag:_guatemala/skype.jpg,flag:_guatemala
emoji_embedding/data/emojipedia/flag:_guatemala/twitter.jpg,flag:_guatemala
emoji_embedding/data/emojipedia/flag:_guatemala/joypixels.jpg,flag:_guatemala
emoji_embedding/data/emojipedia/flag:_guatemala/openmoji.jpg,flag:_guatemala
emoji_embedding/data/emojipedia/flag:_guatemala/whatsapp.jpg,flag:_guatemala
emoji_embedding/data/emojipedia/flag:_guatemala/google.jpg,flag:_guatemala
emoji_embedding/data/emojipedia/flag:_guatemala/facebook.jpg,flag:_guatemala
emoji_embedding/data/emojipedia/soap/lg.jpg,soap
emoji_embedding/data/emojipedia/soap/samsung.jpg,soap
emoji_embedding/data/emojipedia/soap/microsoft.jpg,soap
emoji_embedding/data/emojipedia/soap/apple.jpg,soap
emoji_embedding/data/emojipedia/soap/skype.jpg,soap
emoji_embedding/data/emojipedia/soap/twitter.jpg,soap
emoji_embedding/data/emojipedia/soap/joypixels.jpg,soap
emoji_embedding/data/emojipedia/soap/openmoji.jpg,soap
emoji_embedding/data/emojipedia/soap/emojipedia.jpg,soap
emoji_embedding/data/emojipedia/soap/whatsapp.jpg,soap
emoji_embedding/data/emojipedia/soap/google.jpg,soap
emoji_embedding/data/emojipedia/soap/facebook.jpg,soap
emoji_embedding/data/emojipedia/sleepy_face/htc.jpg,sleepy_face
emoji_embedding/data/emojipedia/sleepy_face/lg.jpg,sleepy_face
emoji_embedding/data/emojipedia/sleepy_face/mozilla.jpg,sleepy_face
emoji_embedding/data/emojipedia/sleepy_face/softbank.jpg,sleepy_face
emoji_embedding/data/emojipedia/sleepy_face/docomo.jpg,sleepy_face
emoji_embedding/data/emojipedia/sleepy_face/samsung.jpg,sleepy_face
emoji_embedding/data/emojipedia/sleepy_face/microsoft.jpg,sleepy_face
emoji_embedding/data/emojipedia/sleepy_face/apple.jpg,sleepy_face
emoji_embedding/data/emojipedia/sleepy_face/messenger.jpg,sleepy_face
emoji_embedding/data/emojipedia/sleepy_face/emojidex.jpg,sleepy_face
emoji_embedding/data/emojipedia/sleepy_face/twitter.jpg,sleepy_face
emoji_embedding/data/emojipedia/sleepy_face/joypixels.jpg,sleepy_face
emoji_embedding/data/emojipedia/sleepy_face/openmoji.jpg,sleepy_face
emoji_embedding/data/emojipedia/sleepy_face/au_by_kddi.jpg,sleepy_face
emoji_embedding/data/emojipedia/sleepy_face/whatsapp.jpg,sleepy_face
emoji_embedding/data/emojipedia/sleepy_face/google.jpg,sleepy_face
emoji_embedding/data/emojipedia/sleepy_face/facebook.jpg,sleepy_face
emoji_embedding/data/emojipedia/snowboarder/htc.jpg,snowboarder
emoji_embedding/data/emojipedia/snowboarder/lg.jpg,snowboarder
emoji_embedding/data/emojipedia/snowboarder/mozilla.jpg,snowboarder
emoji_embedding/data/emojipedia/snowboarder/softbank.jpg,snowboarder
emoji_embedding/data/emojipedia/snowboarder/docomo.jpg,snowboarder
emoji_embedding/data/emojipedia/snowboarder/samsung.jpg,snowboarder
emoji_embedding/data/emojipedia/snowboarder/microsoft.jpg,snowboarder
emoji_embedding/data/emojipedia/snowboarder/apple.jpg,snowboarder
emoji_embedding/data/emojipedia/snowboarder/skype.jpg,snowboarder
emoji_embedding/data/emojipedia/snowboarder/messenger.jpg,snowboarder
emoji_embedding/data/emojipedia/snowboarder/emojidex.jpg,snowboarder
emoji_embedding/data/emojipedia/snowboarder/twitter.jpg,snowboarder
emoji_embedding/data/emojipedia/snowboarder/joypixels.jpg,snowboarder
emoji_embedding/data/emojipedia/snowboarder/openmoji.jpg,snowboarder
emoji_embedding/data/emojipedia/snowboarder/au_by_kddi.jpg,snowboarder
emoji_embedding/data/emojipedia/snowboarder/whatsapp.jpg,snowboarder
emoji_embedding/data/emojipedia/snowboarder/google.jpg,snowboarder
emoji_embedding/data/emojipedia/snowboarder/facebook.jpg,snowboarder
emoji_embedding/data/emojipedia/capricorn/htc.jpg,capricorn
emoji_embedding/data/emojipedia/capricorn/lg.jpg,capricorn
emoji_embedding/data/emojipedia/capricorn/mozilla.jpg,capricorn
emoji_embedding/data/emojipedia/capricorn/softbank.jpg,capricorn
emoji_embedding/data/emojipedia/capricorn/docomo.jpg,capricorn
emoji_embedding/data/emojipedia/capricorn/samsung.jpg,capricorn
emoji_embedding/data/emojipedia/capricorn/microsoft.jpg,capricorn
emoji_embedding/data/emojipedia/capricorn/apple.jpg,capricorn
emoji_embedding/data/emojipedia/capricorn/skype.jpg,capricorn
emoji_embedding/data/emojipedia/capricorn/messenger.jpg,capricorn
emoji_embedding/data/emojipedia/capricorn/emojidex.jpg,capricorn
emoji_embedding/data/emojipedia/capricorn/twitter.jpg,capricorn
emoji_embedding/data/emojipedia/capricorn/joypixels.jpg,capricorn
emoji_embedding/data/emojipedia/capricorn/openmoji.jpg,capricorn
emoji_embedding/data/emojipedia/capricorn/au_by_kddi.jpg,capricorn
emoji_embedding/data/emojipedia/capricorn/whatsapp.jpg,capricorn
emoji_embedding/data/emojipedia/capricorn/google.jpg,capricorn
emoji_embedding/data/emojipedia/capricorn/facebook.jpg,capricorn
emoji_embedding/data/emojipedia/ninja/samsung.jpg,ninja
emoji_embedding/data/emojipedia/ninja/microsoft.jpg,ninja
emoji_embedding/data/emojipedia/ninja/apple.jpg,ninja
emoji_embedding/data/emojipedia/ninja/skype.jpg,ninja
emoji_embedding/data/emojipedia/ninja/twitter.jpg,ninja
emoji_embedding/data/emojipedia/ninja/joypixels.jpg,ninja
emoji_embedding/data/emojipedia/ninja/openmoji.jpg,ninja
emoji_embedding/data/emojipedia/ninja/emojipedia.jpg,ninja
emoji_embedding/data/emojipedia/ninja/whatsapp.jpg,ninja
emoji_embedding/data/emojipedia/ninja/google.jpg,ninja
emoji_embedding/data/emojipedia/ninja/facebook.jpg,ninja
emoji_embedding/data/emojipedia/right_arrow_curving_left/htc.jpg,right_arrow_curving_left
emoji_embedding/data/emojipedia/right_arrow_curving_left/lg.jpg,right_arrow_curving_left
emoji_embedding/data/emojipedia/right_arrow_curving_left/mozilla.jpg,right_arrow_curving_left
emoji_embedding/data/emojipedia/right_arrow_curving_left/softbank.jpg,right_arrow_curving_left
emoji_embedding/data/emojipedia/right_arrow_curving_left/docomo.jpg,right_arrow_curving_left
emoji_embedding/data/emojipedia/right_arrow_curving_left/samsung.jpg,right_arrow_curving_left
emoji_embedding/data/emojipedia/right_arrow_curving_left/microsoft.jpg,right_arrow_curving_left
emoji_embedding/data/emojipedia/right_arrow_curving_left/apple.jpg,right_arrow_curving_left
emoji_embedding/data/emojipedia/right_arrow_curving_left/skype.jpg,right_arrow_curving_left
emoji_embedding/data/emojipedia/right_arrow_curving_left/messenger.jpg,right_arrow_curving_left
emoji_embedding/data/emojipedia/right_arrow_curving_left/emojidex.jpg,right_arrow_curving_left
emoji_embedding/data/emojipedia/right_arrow_curving_left/twitter.jpg,right_arrow_curving_left
emoji_embedding/data/emojipedia/right_arrow_curving_left/joypixels.jpg,right_arrow_curving_left
emoji_embedding/data/emojipedia/right_arrow_curving_left/openmoji.jpg,right_arrow_curving_left
emoji_embedding/data/emojipedia/right_arrow_curving_left/au_by_kddi.jpg,right_arrow_curving_left
emoji_embedding/data/emojipedia/right_arrow_curving_left/whatsapp.jpg,right_arrow_curving_left
emoji_embedding/data/emojipedia/right_arrow_curving_left/google.jpg,right_arrow_curving_left
emoji_embedding/data/emojipedia/right_arrow_curving_left/facebook.jpg,right_arrow_curving_left
emoji_embedding/data/emojipedia/astronaut/samsung.jpg,astronaut
emoji_embedding/data/emojipedia/astronaut/microsoft.jpg,astronaut
emoji_embedding/data/emojipedia/astronaut/apple.jpg,astronaut
emoji_embedding/data/emojipedia/astronaut/twitter.jpg,astronaut
emoji_embedding/data/emojipedia/astronaut/joypixels.jpg,astronaut
emoji_embedding/data/emojipedia/astronaut/openmoji.jpg,astronaut
emoji_embedding/data/emojipedia/astronaut/whatsapp.jpg,astronaut
emoji_embedding/data/emojipedia/astronaut/google.jpg,astronaut
emoji_embedding/data/emojipedia/astronaut/facebook.jpg,astronaut
emoji_embedding/data/emojipedia/reverse_button/htc.jpg,reverse_button
emoji_embedding/data/emojipedia/reverse_button/lg.jpg,reverse_button
emoji_embedding/data/emojipedia/reverse_button/mozilla.jpg,reverse_button
emoji_embedding/data/emojipedia/reverse_button/softbank.jpg,reverse_button
emoji_embedding/data/emojipedia/reverse_button/docomo.jpg,reverse_button
emoji_embedding/data/emojipedia/reverse_button/samsung.jpg,reverse_button
emoji_embedding/data/emojipedia/reverse_button/microsoft.jpg,reverse_button
emoji_embedding/data/emojipedia/reverse_button/apple.jpg,reverse_button
emoji_embedding/data/emojipedia/reverse_button/skype.jpg,reverse_button
emoji_embedding/data/emojipedia/reverse_button/messenger.jpg,reverse_button
emoji_embedding/data/emojipedia/reverse_button/emojidex.jpg,reverse_button
emoji_embedding/data/emojipedia/reverse_button/twitter.jpg,reverse_button
emoji_embedding/data/emojipedia/reverse_button/joypixels.jpg,reverse_button
emoji_embedding/data/emojipedia/reverse_button/openmoji.jpg,reverse_button
emoji_embedding/data/emojipedia/reverse_button/au_by_kddi.jpg,reverse_button
emoji_embedding/data/emojipedia/reverse_button/whatsapp.jpg,reverse_button
emoji_embedding/data/emojipedia/reverse_button/google.jpg,reverse_button
emoji_embedding/data/emojipedia/reverse_button/facebook.jpg,reverse_button
emoji_embedding/data/emojipedia/free_button/htc.jpg,free_button
emoji_embedding/data/emojipedia/free_button/lg.jpg,free_button
emoji_embedding/data/emojipedia/free_button/mozilla.jpg,free_button
emoji_embedding/data/emojipedia/free_button/softbank.jpg,free_button
emoji_embedding/data/emojipedia/free_button/docomo.jpg,free_button
emoji_embedding/data/emojipedia/free_button/samsung.jpg,free_button
emoji_embedding/data/emojipedia/free_button/microsoft.jpg,free_button
emoji_embedding/data/emojipedia/free_button/apple.jpg,free_button
emoji_embedding/data/emojipedia/free_button/skype.jpg,free_button
emoji_embedding/data/emojipedia/free_button/messenger.jpg,free_button
emoji_embedding/data/emojipedia/free_button/emojidex.jpg,free_button
emoji_embedding/data/emojipedia/free_button/twitter.jpg,free_button
emoji_embedding/data/emojipedia/free_button/joypixels.jpg,free_button
emoji_embedding/data/emojipedia/free_button/openmoji.jpg,free_button
emoji_embedding/data/emojipedia/free_button/au_by_kddi.jpg,free_button
emoji_embedding/data/emojipedia/free_button/whatsapp.jpg,free_button
emoji_embedding/data/emojipedia/free_button/google.jpg,free_button
emoji_embedding/data/emojipedia/free_button/facebook.jpg,free_button
emoji_embedding/data/emojipedia/person_rowing_boat/htc.jpg,person_rowing_boat
emoji_embedding/data/emojipedia/person_rowing_boat/lg.jpg,person_rowing_boat
emoji_embedding/data/emojipedia/person_rowing_boat/mozilla.jpg,person_rowing_boat
emoji_embedding/data/emojipedia/person_rowing_boat/samsung.jpg,person_rowing_boat
emoji_embedding/data/emojipedia/person_rowing_boat/microsoft.jpg,person_rowing_boat
emoji_embedding/data/emojipedia/person_rowing_boat/apple.jpg,person_rowing_boat
emoji_embedding/data/emojipedia/person_rowing_boat/messenger.jpg,person_rowing_boat
emoji_embedding/data/emojipedia/person_rowing_boat/emojidex.jpg,person_rowing_boat
emoji_embedding/data/emojipedia/person_rowing_boat/twitter.jpg,person_rowing_boat
emoji_embedding/data/emojipedia/person_rowing_boat/joypixels.jpg,person_rowing_boat
emoji_embedding/data/emojipedia/person_rowing_boat/openmoji.jpg,person_rowing_boat
emoji_embedding/data/emojipedia/person_rowing_boat/whatsapp.jpg,person_rowing_boat
emoji_embedding/data/emojipedia/person_rowing_boat/google.jpg,person_rowing_boat
emoji_embedding/data/emojipedia/person_rowing_boat/facebook.jpg,person_rowing_boat
emoji_embedding/data/emojipedia/framed_picture/lg.jpg,framed_picture
emoji_embedding/data/emojipedia/framed_picture/samsung.jpg,framed_picture
emoji_embedding/data/emojipedia/framed_picture/microsoft.jpg,framed_picture
emoji_embedding/data/emojipedia/framed_picture/apple.jpg,framed_picture
emoji_embedding/data/emojipedia/framed_picture/skype.jpg,framed_picture
emoji_embedding/data/emojipedia/framed_picture/emojidex.jpg,framed_picture
emoji_embedding/data/emojipedia/framed_picture/twitter.jpg,framed_picture
emoji_embedding/data/emojipedia/framed_picture/joypixels.jpg,framed_picture
emoji_embedding/data/emojipedia/framed_picture/openmoji.jpg,framed_picture
emoji_embedding/data/emojipedia/framed_picture/whatsapp.jpg,framed_picture
emoji_embedding/data/emojipedia/framed_picture/google.jpg,framed_picture
emoji_embedding/data/emojipedia/framed_picture/facebook.jpg,framed_picture
emoji_embedding/data/emojipedia/person_lifting_weights/lg.jpg,person_lifting_weights
emoji_embedding/data/emojipedia/person_lifting_weights/samsung.jpg,person_lifting_weights
emoji_embedding/data/emojipedia/person_lifting_weights/microsoft.jpg,person_lifting_weights
emoji_embedding/data/emojipedia/person_lifting_weights/apple.jpg,person_lifting_weights
emoji_embedding/data/emojipedia/person_lifting_weights/skype.jpg,person_lifting_weights
emoji_embedding/data/emojipedia/person_lifting_weights/emojidex.jpg,person_lifting_weights
emoji_embedding/data/emojipedia/person_lifting_weights/twitter.jpg,person_lifting_weights
emoji_embedding/data/emojipedia/person_lifting_weights/joypixels.jpg,person_lifting_weights
emoji_embedding/data/emojipedia/person_lifting_weights/openmoji.jpg,person_lifting_weights
emoji_embedding/data/emojipedia/person_lifting_weights/whatsapp.jpg,person_lifting_weights
emoji_embedding/data/emojipedia/person_lifting_weights/google.jpg,person_lifting_weights
emoji_embedding/data/emojipedia/person_lifting_weights/facebook.jpg,person_lifting_weights
emoji_embedding/data/emojipedia/biohazard/lg.jpg,biohazard
emoji_embedding/data/emojipedia/biohazard/samsung.jpg,biohazard
emoji_embedding/data/emojipedia/biohazard/microsoft.jpg,biohazard
emoji_embedding/data/emojipedia/biohazard/apple.jpg,biohazard
emoji_embedding/data/emojipedia/biohazard/skype.jpg,biohazard
emoji_embedding/data/emojipedia/biohazard/emojidex.jpg,biohazard
emoji_embedding/data/emojipedia/biohazard/twitter.jpg,biohazard
emoji_embedding/data/emojipedia/biohazard/joypixels.jpg,biohazard
emoji_embedding/data/emojipedia/biohazard/openmoji.jpg,biohazard
emoji_embedding/data/emojipedia/biohazard/whatsapp.jpg,biohazard
emoji_embedding/data/emojipedia/biohazard/google.jpg,biohazard
emoji_embedding/data/emojipedia/biohazard/facebook.jpg,biohazard
emoji_embedding/data/emojipedia/desktop_computer/lg.jpg,desktop_computer
emoji_embedding/data/emojipedia/desktop_computer/samsung.jpg,desktop_computer
emoji_embedding/data/emojipedia/desktop_computer/microsoft.jpg,desktop_computer
emoji_embedding/data/emojipedia/desktop_computer/apple.jpg,desktop_computer
emoji_embedding/data/emojipedia/desktop_computer/skype.jpg,desktop_computer
emoji_embedding/data/emojipedia/desktop_computer/emojidex.jpg,desktop_computer
emoji_embedding/data/emojipedia/desktop_computer/twitter.jpg,desktop_computer
emoji_embedding/data/emojipedia/desktop_computer/joypixels.jpg,desktop_computer
emoji_embedding/data/emojipedia/desktop_computer/openmoji.jpg,desktop_computer
emoji_embedding/data/emojipedia/desktop_computer/whatsapp.jpg,desktop_computer
emoji_embedding/data/emojipedia/desktop_computer/google.jpg,desktop_computer
emoji_embedding/data/emojipedia/desktop_computer/facebook.jpg,desktop_computer
emoji_embedding/data/emojipedia/twelve_o’clock/htc.jpg,twelve_o’clock
emoji_embedding/data/emojipedia/twelve_o’clock/lg.jpg,twelve_o’clock
emoji_embedding/data/emojipedia/twelve_o’clock/mozilla.jpg,twelve_o’clock
emoji_embedding/data/emojipedia/twelve_o’clock/softbank.jpg,twelve_o’clock
emoji_embedding/data/emojipedia/twelve_o’clock/docomo.jpg,twelve_o’clock
emoji_embedding/data/emojipedia/twelve_o’clock/samsung.jpg,twelve_o’clock
emoji_embedding/data/emojipedia/twelve_o’clock/microsoft.jpg,twelve_o’clock
emoji_embedding/data/emojipedia/twelve_o’clock/apple.jpg,twelve_o’clock
emoji_embedding/data/emojipedia/twelve_o’clock/skype.jpg,twelve_o’clock
emoji_embedding/data/emojipedia/twelve_o’clock/messenger.jpg,twelve_o’clock
emoji_embedding/data/emojipedia/twelve_o’clock/emojidex.jpg,twelve_o’clock
emoji_embedding/data/emojipedia/twelve_o’clock/twitter.jpg,twelve_o’clock
emoji_embedding/data/emojipedia/twelve_o’clock/joypixels.jpg,twelve_o’clock
emoji_embedding/data/emojipedia/twelve_o’clock/openmoji.jpg,twelve_o’clock
emoji_embedding/data/emojipedia/twelve_o’clock/whatsapp.jpg,twelve_o’clock
emoji_embedding/data/emojipedia/twelve_o’clock/google.jpg,twelve_o’clock
emoji_embedding/data/emojipedia/twelve_o’clock/facebook.jpg,twelve_o’clock
emoji_embedding/data/emojipedia/cancer/htc.jpg,cancer
emoji_embedding/data/emojipedia/cancer/lg.jpg,cancer
emoji_embedding/data/emojipedia/cancer/mozilla.jpg,cancer
emoji_embedding/data/emojipedia/cancer/softbank.jpg,cancer
emoji_embedding/data/emojipedia/cancer/docomo.jpg,cancer
emoji_embedding/data/emojipedia/cancer/samsung.jpg,cancer
emoji_embedding/data/emojipedia/cancer/microsoft.jpg,cancer
emoji_embedding/data/emojipedia/cancer/apple.jpg,cancer
emoji_embedding/data/emojipedia/cancer/skype.jpg,cancer
emoji_embedding/data/emojipedia/cancer/messenger.jpg,cancer
emoji_embedding/data/emojipedia/cancer/emojidex.jpg,cancer
emoji_embedding/data/emojipedia/cancer/twitter.jpg,cancer
emoji_embedding/data/emojipedia/cancer/joypixels.jpg,cancer
emoji_embedding/data/emojipedia/cancer/openmoji.jpg,cancer
emoji_embedding/data/emojipedia/cancer/au_by_kddi.jpg,cancer
emoji_embedding/data/emojipedia/cancer/whatsapp.jpg,cancer
emoji_embedding/data/emojipedia/cancer/google.jpg,cancer
emoji_embedding/data/emojipedia/cancer/facebook.jpg,cancer
emoji_embedding/data/emojipedia/window/samsung.jpg,window
emoji_embedding/data/emojipedia/window/microsoft.jpg,window
emoji_embedding/data/emojipedia/window/apple.jpg,window
emoji_embedding/data/emojipedia/window/twitter.jpg,window
emoji_embedding/data/emojipedia/window/joypixels.jpg,window
emoji_embedding/data/emojipedia/window/openmoji.jpg,window
emoji_embedding/data/emojipedia/window/emojipedia.jpg,window
emoji_embedding/data/emojipedia/window/whatsapp.jpg,window
emoji_embedding/data/emojipedia/window/google.jpg,window
emoji_embedding/data/emojipedia/window/facebook.jpg,window
emoji_embedding/data/emojipedia/hot_beverage/htc.jpg,hot_beverage
emoji_embedding/data/emojipedia/hot_beverage/lg.jpg,hot_beverage
emoji_embedding/data/emojipedia/hot_beverage/mozilla.jpg,hot_beverage
emoji_embedding/data/emojipedia/hot_beverage/softbank.jpg,hot_beverage
emoji_embedding/data/emojipedia/hot_beverage/docomo.jpg,hot_beverage
emoji_embedding/data/emojipedia/hot_beverage/samsung.jpg,hot_beverage
emoji_embedding/data/emojipedia/hot_beverage/microsoft.jpg,hot_beverage
emoji_embedding/data/emojipedia/hot_beverage/apple.jpg,hot_beverage
emoji_embedding/data/emojipedia/hot_beverage/skype.jpg,hot_beverage
emoji_embedding/data/emojipedia/hot_beverage/messenger.jpg,hot_beverage
emoji_embedding/data/emojipedia/hot_beverage/emojidex.jpg,hot_beverage
emoji_embedding/data/emojipedia/hot_beverage/twitter.jpg,hot_beverage
emoji_embedding/data/emojipedia/hot_beverage/joypixels.jpg,hot_beverage
emoji_embedding/data/emojipedia/hot_beverage/openmoji.jpg,hot_beverage
emoji_embedding/data/emojipedia/hot_beverage/au_by_kddi.jpg,hot_beverage
emoji_embedding/data/emojipedia/hot_beverage/whatsapp.jpg,hot_beverage
emoji_embedding/data/emojipedia/hot_beverage/google.jpg,hot_beverage
emoji_embedding/data/emojipedia/hot_beverage/facebook.jpg,hot_beverage
emoji_embedding/data/emojipedia/cloud/htc.jpg,cloud
emoji_embedding/data/emojipedia/cloud/lg.jpg,cloud
emoji_embedding/data/emojipedia/cloud/mozilla.jpg,cloud
emoji_embedding/data/emojipedia/cloud/softbank.jpg,cloud
emoji_embedding/data/emojipedia/cloud/docomo.jpg,cloud
emoji_embedding/data/emojipedia/cloud/samsung.jpg,cloud
emoji_embedding/data/emojipedia/cloud/microsoft.jpg,cloud
emoji_embedding/data/emojipedia/cloud/apple.jpg,cloud
emoji_embedding/data/emojipedia/cloud/skype.jpg,cloud
emoji_embedding/data/emojipedia/cloud/messenger.jpg,cloud
emoji_embedding/data/emojipedia/cloud/emojidex.jpg,cloud
emoji_embedding/data/emojipedia/cloud/twitter.jpg,cloud
emoji_embedding/data/emojipedia/cloud/joypixels.jpg,cloud
emoji_embedding/data/emojipedia/cloud/openmoji.jpg,cloud
emoji_embedding/data/emojipedia/cloud/au_by_kddi.jpg,cloud
emoji_embedding/data/emojipedia/cloud/whatsapp.jpg,cloud
emoji_embedding/data/emojipedia/cloud/google.jpg,cloud
emoji_embedding/data/emojipedia/cloud/facebook.jpg,cloud
emoji_embedding/data/emojipedia/flag:_wallis_&_futuna/lg.jpg,flag:_wallis_&_futuna
emoji_embedding/data/emojipedia/flag:_wallis_&_futuna/samsung.jpg,flag:_wallis_&_futuna
emoji_embedding/data/emojipedia/flag:_wallis_&_futuna/apple.jpg,flag:_wallis_&_futuna
emoji_embedding/data/emojipedia/flag:_wallis_&_futuna/skype.jpg,flag:_wallis_&_futuna
emoji_embedding/data/emojipedia/flag:_wallis_&_futuna/twitter.jpg,flag:_wallis_&_futuna
emoji_embedding/data/emojipedia/flag:_wallis_&_futuna/joypixels.jpg,flag:_wallis_&_futuna
emoji_embedding/data/emojipedia/flag:_wallis_&_futuna/openmoji.jpg,flag:_wallis_&_futuna
emoji_embedding/data/emojipedia/flag:_wallis_&_futuna/whatsapp.jpg,flag:_wallis_&_futuna
emoji_embedding/data/emojipedia/flag:_wallis_&_futuna/google.jpg,flag:_wallis_&_futuna
emoji_embedding/data/emojipedia/flag:_wallis_&_futuna/facebook.jpg,flag:_wallis_&_futuna
emoji_embedding/data/emojipedia/diya_lamp/lg.jpg,diya_lamp
emoji_embedding/data/emojipedia/diya_lamp/samsung.jpg,diya_lamp
emoji_embedding/data/emojipedia/diya_lamp/microsoft.jpg,diya_lamp
emoji_embedding/data/emojipedia/diya_lamp/apple.jpg,diya_lamp
emoji_embedding/data/emojipedia/diya_lamp/skype.jpg,diya_lamp
emoji_embedding/data/emojipedia/diya_lamp/twitter.jpg,diya_lamp
emoji_embedding/data/emojipedia/diya_lamp/joypixels.jpg,diya_lamp
emoji_embedding/data/emojipedia/diya_lamp/openmoji.jpg,diya_lamp
emoji_embedding/data/emojipedia/diya_lamp/emojipedia.jpg,diya_lamp
emoji_embedding/data/emojipedia/diya_lamp/whatsapp.jpg,diya_lamp
emoji_embedding/data/emojipedia/diya_lamp/google.jpg,diya_lamp
emoji_embedding/data/emojipedia/diya_lamp/facebook.jpg,diya_lamp
emoji_embedding/data/emojipedia/flag:_kiribati/lg.jpg,flag:_kiribati
emoji_embedding/data/emojipedia/flag:_kiribati/samsung.jpg,flag:_kiribati
emoji_embedding/data/emojipedia/flag:_kiribati/apple.jpg,flag:_kiribati
emoji_embedding/data/emojipedia/flag:_kiribati/skype.jpg,flag:_kiribati
emoji_embedding/data/emojipedia/flag:_kiribati/twitter.jpg,flag:_kiribati
emoji_embedding/data/emojipedia/flag:_kiribati/joypixels.jpg,flag:_kiribati
emoji_embedding/data/emojipedia/flag:_kiribati/openmoji.jpg,flag:_kiribati
emoji_embedding/data/emojipedia/flag:_kiribati/whatsapp.jpg,flag:_kiribati
emoji_embedding/data/emojipedia/flag:_kiribati/google.jpg,flag:_kiribati
emoji_embedding/data/emojipedia/flag:_kiribati/facebook.jpg,flag:_kiribati
emoji_embedding/data/emojipedia/oyster/lg.jpg,oyster
emoji_embedding/data/emojipedia/oyster/samsung.jpg,oyster
emoji_embedding/data/emojipedia/oyster/microsoft.jpg,oyster
emoji_embedding/data/emojipedia/oyster/apple.jpg,oyster
emoji_embedding/data/emojipedia/oyster/skype.jpg,oyster
emoji_embedding/data/emojipedia/oyster/twitter.jpg,oyster
emoji_embedding/data/emojipedia/oyster/joypixels.jpg,oyster
emoji_embedding/data/emojipedia/oyster/openmoji.jpg,oyster
emoji_embedding/data/emojipedia/oyster/emojipedia.jpg,oyster
emoji_embedding/data/emojipedia/oyster/whatsapp.jpg,oyster
emoji_embedding/data/emojipedia/oyster/google.jpg,oyster
emoji_embedding/data/emojipedia/oyster/facebook.jpg,oyster
emoji_embedding/data/emojipedia/detective/lg.jpg,detective
emoji_embedding/data/emojipedia/detective/samsung.jpg,detective
emoji_embedding/data/emojipedia/detective/microsoft.jpg,detective
emoji_embedding/data/emojipedia/detective/apple.jpg,detective
emoji_embedding/data/emojipedia/detective/skype.jpg,detective
emoji_embedding/data/emojipedia/detective/emojidex.jpg,detective
emoji_embedding/data/emojipedia/detective/twitter.jpg,detective
emoji_embedding/data/emojipedia/detective/joypixels.jpg,detective
emoji_embedding/data/emojipedia/detective/openmoji.jpg,detective
emoji_embedding/data/emojipedia/detective/whatsapp.jpg,detective
emoji_embedding/data/emojipedia/detective/google.jpg,detective
emoji_embedding/data/emojipedia/detective/facebook.jpg,detective
emoji_embedding/data/emojipedia/derelict_house/lg.jpg,derelict_house
emoji_embedding/data/emojipedia/derelict_house/samsung.jpg,derelict_house
emoji_embedding/data/emojipedia/derelict_house/microsoft.jpg,derelict_house
emoji_embedding/data/emojipedia/derelict_house/apple.jpg,derelict_house
emoji_embedding/data/emojipedia/derelict_house/skype.jpg,derelict_house
emoji_embedding/data/emojipedia/derelict_house/emojidex.jpg,derelict_house
emoji_embedding/data/emojipedia/derelict_house/twitter.jpg,derelict_house
emoji_embedding/data/emojipedia/derelict_house/joypixels.jpg,derelict_house
emoji_embedding/data/emojipedia/derelict_house/openmoji.jpg,derelict_house
emoji_embedding/data/emojipedia/derelict_house/whatsapp.jpg,derelict_house
emoji_embedding/data/emojipedia/derelict_house/google.jpg,derelict_house
emoji_embedding/data/emojipedia/derelict_house/facebook.jpg,derelict_house
emoji_embedding/data/emojipedia/woman_elf/lg.jpg,woman_elf
emoji_embedding/data/emojipedia/woman_elf/samsung.jpg,woman_elf
emoji_embedding/data/emojipedia/woman_elf/microsoft.jpg,woman_elf
emoji_embedding/data/emojipedia/woman_elf/apple.jpg,woman_elf
emoji_embedding/data/emojipedia/woman_elf/skype.jpg,woman_elf
emoji_embedding/data/emojipedia/woman_elf/twitter.jpg,woman_elf
emoji_embedding/data/emojipedia/woman_elf/joypixels.jpg,woman_elf
emoji_embedding/data/emojipedia/woman_elf/openmoji.jpg,woman_elf
emoji_embedding/data/emojipedia/woman_elf/emojipedia.jpg,woman_elf
emoji_embedding/data/emojipedia/woman_elf/whatsapp.jpg,woman_elf
emoji_embedding/data/emojipedia/woman_elf/google.jpg,woman_elf
emoji_embedding/data/emojipedia/woman_elf/facebook.jpg,woman_elf
emoji_embedding/data/emojipedia/man_raising_hand/lg.jpg,man_raising_hand
emoji_embedding/data/emojipedia/man_raising_hand/samsung.jpg,man_raising_hand
emoji_embedding/data/emojipedia/man_raising_hand/microsoft.jpg,man_raising_hand
emoji_embedding/data/emojipedia/man_raising_hand/apple.jpg,man_raising_hand
emoji_embedding/data/emojipedia/man_raising_hand/skype.jpg,man_raising_hand
emoji_embedding/data/emojipedia/man_raising_hand/twitter.jpg,man_raising_hand
emoji_embedding/data/emojipedia/man_raising_hand/joypixels.jpg,man_raising_hand
emoji_embedding/data/emojipedia/man_raising_hand/openmoji.jpg,man_raising_hand
emoji_embedding/data/emojipedia/man_raising_hand/whatsapp.jpg,man_raising_hand
emoji_embedding/data/emojipedia/man_raising_hand/google.jpg,man_raising_hand
emoji_embedding/data/emojipedia/man_raising_hand/facebook.jpg,man_raising_hand
emoji_embedding/data/emojipedia/flag:_guyana/lg.jpg,flag:_guyana
emoji_embedding/data/emojipedia/flag:_guyana/samsung.jpg,flag:_guyana
emoji_embedding/data/emojipedia/flag:_guyana/apple.jpg,flag:_guyana
emoji_embedding/data/emojipedia/flag:_guyana/skype.jpg,flag:_guyana
emoji_embedding/data/emojipedia/flag:_guyana/twitter.jpg,flag:_guyana
emoji_embedding/data/emojipedia/flag:_guyana/joypixels.jpg,flag:_guyana
emoji_embedding/data/emojipedia/flag:_guyana/openmoji.jpg,flag:_guyana
emoji_embedding/data/emojipedia/flag:_guyana/whatsapp.jpg,flag:_guyana
emoji_embedding/data/emojipedia/flag:_guyana/google.jpg,flag:_guyana
emoji_embedding/data/emojipedia/flag:_guyana/facebook.jpg,flag:_guyana
emoji_embedding/data/emojipedia/flag:_south_sudan/lg.jpg,flag:_south_sudan
emoji_embedding/data/emojipedia/flag:_south_sudan/samsung.jpg,flag:_south_sudan
emoji_embedding/data/emojipedia/flag:_south_sudan/apple.jpg,flag:_south_sudan
emoji_embedding/data/emojipedia/flag:_south_sudan/skype.jpg,flag:_south_sudan
emoji_embedding/data/emojipedia/flag:_south_sudan/emojidex.jpg,flag:_south_sudan
emoji_embedding/data/emojipedia/flag:_south_sudan/twitter.jpg,flag:_south_sudan
emoji_embedding/data/emojipedia/flag:_south_sudan/joypixels.jpg,flag:_south_sudan
emoji_embedding/data/emojipedia/flag:_south_sudan/openmoji.jpg,flag:_south_sudan
emoji_embedding/data/emojipedia/flag:_south_sudan/whatsapp.jpg,flag:_south_sudan
emoji_embedding/data/emojipedia/flag:_south_sudan/google.jpg,flag:_south_sudan
emoji_embedding/data/emojipedia/flag:_south_sudan/facebook.jpg,flag:_south_sudan
emoji_embedding/data/emojipedia/flag:_norway/lg.jpg,flag:_norway
emoji_embedding/data/emojipedia/flag:_norway/samsung.jpg,flag:_norway
emoji_embedding/data/emojipedia/flag:_norway/apple.jpg,flag:_norway
emoji_embedding/data/emojipedia/flag:_norway/skype.jpg,flag:_norway
emoji_embedding/data/emojipedia/flag:_norway/messenger.jpg,flag:_norway
emoji_embedding/data/emojipedia/flag:_norway/emojidex.jpg,flag:_norway
emoji_embedding/data/emojipedia/flag:_norway/twitter.jpg,flag:_norway
emoji_embedding/data/emojipedia/flag:_norway/joypixels.jpg,flag:_norway
emoji_embedding/data/emojipedia/flag:_norway/openmoji.jpg,flag:_norway
emoji_embedding/data/emojipedia/flag:_norway/whatsapp.jpg,flag:_norway
emoji_embedding/data/emojipedia/flag:_norway/google.jpg,flag:_norway
emoji_embedding/data/emojipedia/flag:_norway/facebook.jpg,flag:_norway
emoji_embedding/data/emojipedia/flag:_germany/htc.jpg,flag:_germany
emoji_embedding/data/emojipedia/flag:_germany/lg.jpg,flag:_germany
emoji_embedding/data/emojipedia/flag:_germany/softbank.jpg,flag:_germany
emoji_embedding/data/emojipedia/flag:_germany/samsung.jpg,flag:_germany
emoji_embedding/data/emojipedia/flag:_germany/apple.jpg,flag:_germany
emoji_embedding/data/emojipedia/flag:_germany/skype.jpg,flag:_germany
emoji_embedding/data/emojipedia/flag:_germany/messenger.jpg,flag:_germany
emoji_embedding/data/emojipedia/flag:_germany/emojidex.jpg,flag:_germany
emoji_embedding/data/emojipedia/flag:_germany/twitter.jpg,flag:_germany
emoji_embedding/data/emojipedia/flag:_germany/joypixels.jpg,flag:_germany
emoji_embedding/data/emojipedia/flag:_germany/openmoji.jpg,flag:_germany
emoji_embedding/data/emojipedia/flag:_germany/au_by_kddi.jpg,flag:_germany
emoji_embedding/data/emojipedia/flag:_germany/whatsapp.jpg,flag:_germany
emoji_embedding/data/emojipedia/flag:_germany/google.jpg,flag:_germany
emoji_embedding/data/emojipedia/flag:_germany/facebook.jpg,flag:_germany
emoji_embedding/data/emojipedia/axe/lg.jpg,axe
emoji_embedding/data/emojipedia/axe/samsung.jpg,axe
emoji_embedding/data/emojipedia/axe/microsoft.jpg,axe
emoji_embedding/data/emojipedia/axe/apple.jpg,axe
emoji_embedding/data/emojipedia/axe/skype.jpg,axe
emoji_embedding/data/emojipedia/axe/twitter.jpg,axe
emoji_embedding/data/emojipedia/axe/joypixels.jpg,axe
emoji_embedding/data/emojipedia/axe/openmoji.jpg,axe
emoji_embedding/data/emojipedia/axe/emojipedia.jpg,axe
emoji_embedding/data/emojipedia/axe/whatsapp.jpg,axe
emoji_embedding/data/emojipedia/axe/google.jpg,axe
emoji_embedding/data/emojipedia/axe/facebook.jpg,axe
emoji_embedding/data/emojipedia/battery/htc.jpg,battery
emoji_embedding/data/emojipedia/battery/lg.jpg,battery
emoji_embedding/data/emojipedia/battery/mozilla.jpg,battery
emoji_embedding/data/emojipedia/battery/softbank.jpg,battery
emoji_embedding/data/emojipedia/battery/docomo.jpg,battery
emoji_embedding/data/emojipedia/battery/samsung.jpg,battery
emoji_embedding/data/emojipedia/battery/microsoft.jpg,battery
emoji_embedding/data/emojipedia/battery/apple.jpg,battery
emoji_embedding/data/emojipedia/battery/skype.jpg,battery
emoji_embedding/data/emojipedia/battery/messenger.jpg,battery
emoji_embedding/data/emojipedia/battery/emojidex.jpg,battery
emoji_embedding/data/emojipedia/battery/twitter.jpg,battery
emoji_embedding/data/emojipedia/battery/joypixels.jpg,battery
emoji_embedding/data/emojipedia/battery/openmoji.jpg,battery
emoji_embedding/data/emojipedia/battery/au_by_kddi.jpg,battery
emoji_embedding/data/emojipedia/battery/whatsapp.jpg,battery
emoji_embedding/data/emojipedia/battery/google.jpg,battery
emoji_embedding/data/emojipedia/battery/facebook.jpg,battery
emoji_embedding/data/emojipedia/flag:_tonga/lg.jpg,flag:_tonga
emoji_embedding/data/emojipedia/flag:_tonga/samsung.jpg,flag:_tonga
emoji_embedding/data/emojipedia/flag:_tonga/apple.jpg,flag:_tonga
emoji_embedding/data/emojipedia/flag:_tonga/skype.jpg,flag:_tonga
emoji_embedding/data/emojipedia/flag:_tonga/twitter.jpg,flag:_tonga
emoji_embedding/data/emojipedia/flag:_tonga/joypixels.jpg,flag:_tonga
emoji_embedding/data/emojipedia/flag:_tonga/openmoji.jpg,flag:_tonga
emoji_embedding/data/emojipedia/flag:_tonga/whatsapp.jpg,flag:_tonga
emoji_embedding/data/emojipedia/flag:_tonga/google.jpg,flag:_tonga
emoji_embedding/data/emojipedia/flag:_tonga/facebook.jpg,flag:_tonga
emoji_embedding/data/emojipedia/flag:_mongolia/lg.jpg,flag:_mongolia
emoji_embedding/data/emojipedia/flag:_mongolia/samsung.jpg,flag:_mongolia
emoji_embedding/data/emojipedia/flag:_mongolia/apple.jpg,flag:_mongolia
emoji_embedding/data/emojipedia/flag:_mongolia/skype.jpg,flag:_mongolia
emoji_embedding/data/emojipedia/flag:_mongolia/twitter.jpg,flag:_mongolia
emoji_embedding/data/emojipedia/flag:_mongolia/joypixels.jpg,flag:_mongolia
emoji_embedding/data/emojipedia/flag:_mongolia/openmoji.jpg,flag:_mongolia
emoji_embedding/data/emojipedia/flag:_mongolia/whatsapp.jpg,flag:_mongolia
emoji_embedding/data/emojipedia/flag:_mongolia/google.jpg,flag:_mongolia
emoji_embedding/data/emojipedia/flag:_mongolia/facebook.jpg,flag:_mongolia
emoji_embedding/data/emojipedia/clinking_glasses/lg.jpg,clinking_glasses
emoji_embedding/data/emojipedia/clinking_glasses/samsung.jpg,clinking_glasses
emoji_embedding/data/emojipedia/clinking_glasses/microsoft.jpg,clinking_glasses
emoji_embedding/data/emojipedia/clinking_glasses/apple.jpg,clinking_glasses
emoji_embedding/data/emojipedia/clinking_glasses/skype.jpg,clinking_glasses
emoji_embedding/data/emojipedia/clinking_glasses/emojidex.jpg,clinking_glasses
emoji_embedding/data/emojipedia/clinking_glasses/twitter.jpg,clinking_glasses
emoji_embedding/data/emojipedia/clinking_glasses/joypixels.jpg,clinking_glasses
emoji_embedding/data/emojipedia/clinking_glasses/openmoji.jpg,clinking_glasses
emoji_embedding/data/emojipedia/clinking_glasses/emojipedia.jpg,clinking_glasses
emoji_embedding/data/emojipedia/clinking_glasses/whatsapp.jpg,clinking_glasses
emoji_embedding/data/emojipedia/clinking_glasses/google.jpg,clinking_glasses
emoji_embedding/data/emojipedia/clinking_glasses/facebook.jpg,clinking_glasses
emoji_embedding/data/emojipedia/pizza/htc.jpg,pizza
emoji_embedding/data/emojipedia/pizza/lg.jpg,pizza
emoji_embedding/data/emojipedia/pizza/mozilla.jpg,pizza
emoji_embedding/data/emojipedia/pizza/softbank.jpg,pizza
emoji_embedding/data/emojipedia/pizza/docomo.jpg,pizza
emoji_embedding/data/emojipedia/pizza/samsung.jpg,pizza
emoji_embedding/data/emojipedia/pizza/microsoft.jpg,pizza
emoji_embedding/data/emojipedia/pizza/apple.jpg,pizza
emoji_embedding/data/emojipedia/pizza/skype.jpg,pizza
emoji_embedding/data/emojipedia/pizza/messenger.jpg,pizza
emoji_embedding/data/emojipedia/pizza/emojidex.jpg,pizza
emoji_embedding/data/emojipedia/pizza/twitter.jpg,pizza
emoji_embedding/data/emojipedia/pizza/joypixels.jpg,pizza
emoji_embedding/data/emojipedia/pizza/openmoji.jpg,pizza
emoji_embedding/data/emojipedia/pizza/au_by_kddi.jpg,pizza
emoji_embedding/data/emojipedia/pizza/whatsapp.jpg,pizza
emoji_embedding/data/emojipedia/pizza/google.jpg,pizza
emoji_embedding/data/emojipedia/pizza/facebook.jpg,pizza
emoji_embedding/data/emojipedia/red_circle/htc.jpg,red_circle
emoji_embedding/data/emojipedia/red_circle/lg.jpg,red_circle
emoji_embedding/data/emojipedia/red_circle/mozilla.jpg,red_circle
emoji_embedding/data/emojipedia/red_circle/softbank.jpg,red_circle
emoji_embedding/data/emojipedia/red_circle/docomo.jpg,red_circle
emoji_embedding/data/emojipedia/red_circle/samsung.jpg,red_circle
emoji_embedding/data/emojipedia/red_circle/microsoft.jpg,red_circle
emoji_embedding/data/emojipedia/red_circle/apple.jpg,red_circle
emoji_embedding/data/emojipedia/red_circle/skype.jpg,red_circle
emoji_embedding/data/emojipedia/red_circle/messenger.jpg,red_circle
emoji_embedding/data/emojipedia/red_circle/emojidex.jpg,red_circle
emoji_embedding/data/emojipedia/red_circle/twitter.jpg,red_circle
emoji_embedding/data/emojipedia/red_circle/joypixels.jpg,red_circle
emoji_embedding/data/emojipedia/red_circle/openmoji.jpg,red_circle
emoji_embedding/data/emojipedia/red_circle/au_by_kddi.jpg,red_circle
emoji_embedding/data/emojipedia/red_circle/whatsapp.jpg,red_circle
emoji_embedding/data/emojipedia/red_circle/google.jpg,red_circle
emoji_embedding/data/emojipedia/red_circle/facebook.jpg,red_circle
emoji_embedding/data/emojipedia/outbox_tray/htc.jpg,outbox_tray
emoji_embedding/data/emojipedia/outbox_tray/lg.jpg,outbox_tray
emoji_embedding/data/emojipedia/outbox_tray/mozilla.jpg,outbox_tray
emoji_embedding/data/emojipedia/outbox_tray/softbank.jpg,outbox_tray
emoji_embedding/data/emojipedia/outbox_tray/docomo.jpg,outbox_tray
emoji_embedding/data/emojipedia/outbox_tray/samsung.jpg,outbox_tray
emoji_embedding/data/emojipedia/outbox_tray/microsoft.jpg,outbox_tray
emoji_embedding/data/emojipedia/outbox_tray/apple.jpg,outbox_tray
emoji_embedding/data/emojipedia/outbox_tray/skype.jpg,outbox_tray
emoji_embedding/data/emojipedia/outbox_tray/messenger.jpg,outbox_tray
emoji_embedding/data/emojipedia/outbox_tray/emojidex.jpg,outbox_tray
emoji_embedding/data/emojipedia/outbox_tray/twitter.jpg,outbox_tray
emoji_embedding/data/emojipedia/outbox_tray/joypixels.jpg,outbox_tray
emoji_embedding/data/emojipedia/outbox_tray/openmoji.jpg,outbox_tray
emoji_embedding/data/emojipedia/outbox_tray/au_by_kddi.jpg,outbox_tray
emoji_embedding/data/emojipedia/outbox_tray/whatsapp.jpg,outbox_tray
emoji_embedding/data/emojipedia/outbox_tray/google.jpg,outbox_tray
emoji_embedding/data/emojipedia/outbox_tray/facebook.jpg,outbox_tray
emoji_embedding/data/emojipedia/star_of_david/lg.jpg,star_of_david
emoji_embedding/data/emojipedia/star_of_david/samsung.jpg,star_of_david
emoji_embedding/data/emojipedia/star_of_david/microsoft.jpg,star_of_david
emoji_embedding/data/emojipedia/star_of_david/apple.jpg,star_of_david
emoji_embedding/data/emojipedia/star_of_david/skype.jpg,star_of_david
emoji_embedding/data/emojipedia/star_of_david/emojidex.jpg,star_of_david
emoji_embedding/data/emojipedia/star_of_david/twitter.jpg,star_of_david
emoji_embedding/data/emojipedia/star_of_david/joypixels.jpg,star_of_david
emoji_embedding/data/emojipedia/star_of_david/openmoji.jpg,star_of_david
emoji_embedding/data/emojipedia/star_of_david/whatsapp.jpg,star_of_david
emoji_embedding/data/emojipedia/star_of_david/google.jpg,star_of_david
emoji_embedding/data/emojipedia/star_of_david/facebook.jpg,star_of_david
emoji_embedding/data/emojipedia/eight_o’clock/htc.jpg,eight_o’clock
emoji_embedding/data/emojipedia/eight_o’clock/lg.jpg,eight_o’clock
emoji_embedding/data/emojipedia/eight_o’clock/softbank.jpg,eight_o’clock
emoji_embedding/data/emojipedia/eight_o’clock/docomo.jpg,eight_o’clock
emoji_embedding/data/emojipedia/eight_o’clock/samsung.jpg,eight_o’clock
emoji_embedding/data/emojipedia/eight_o’clock/microsoft.jpg,eight_o’clock
emoji_embedding/data/emojipedia/eight_o’clock/apple.jpg,eight_o’clock
emoji_embedding/data/emojipedia/eight_o’clock/skype.jpg,eight_o’clock
emoji_embedding/data/emojipedia/eight_o’clock/messenger.jpg,eight_o’clock
emoji_embedding/data/emojipedia/eight_o’clock/emojidex.jpg,eight_o’clock
emoji_embedding/data/emojipedia/eight_o’clock/twitter.jpg,eight_o’clock
emoji_embedding/data/emojipedia/eight_o’clock/joypixels.jpg,eight_o’clock
emoji_embedding/data/emojipedia/eight_o’clock/openmoji.jpg,eight_o’clock
emoji_embedding/data/emojipedia/eight_o’clock/whatsapp.jpg,eight_o’clock
emoji_embedding/data/emojipedia/eight_o’clock/google.jpg,eight_o’clock
emoji_embedding/data/emojipedia/eight_o’clock/facebook.jpg,eight_o’clock
emoji_embedding/data/emojipedia/person_wearing_turban/htc.jpg,person_wearing_turban
emoji_embedding/data/emojipedia/person_wearing_turban/lg.jpg,person_wearing_turban
emoji_embedding/data/emojipedia/person_wearing_turban/mozilla.jpg,person_wearing_turban
emoji_embedding/data/emojipedia/person_wearing_turban/softbank.jpg,person_wearing_turban
emoji_embedding/data/emojipedia/person_wearing_turban/docomo.jpg,person_wearing_turban
emoji_embedding/data/emojipedia/person_wearing_turban/samsung.jpg,person_wearing_turban
emoji_embedding/data/emojipedia/person_wearing_turban/microsoft.jpg,person_wearing_turban
emoji_embedding/data/emojipedia/person_wearing_turban/apple.jpg,person_wearing_turban
emoji_embedding/data/emojipedia/person_wearing_turban/skype.jpg,person_wearing_turban
emoji_embedding/data/emojipedia/person_wearing_turban/messenger.jpg,person_wearing_turban
emoji_embedding/data/emojipedia/person_wearing_turban/emojidex.jpg,person_wearing_turban
emoji_embedding/data/emojipedia/person_wearing_turban/twitter.jpg,person_wearing_turban
emoji_embedding/data/emojipedia/person_wearing_turban/joypixels.jpg,person_wearing_turban
emoji_embedding/data/emojipedia/person_wearing_turban/openmoji.jpg,person_wearing_turban
emoji_embedding/data/emojipedia/person_wearing_turban/au_by_kddi.jpg,person_wearing_turban
emoji_embedding/data/emojipedia/person_wearing_turban/whatsapp.jpg,person_wearing_turban
emoji_embedding/data/emojipedia/person_wearing_turban/google.jpg,person_wearing_turban
emoji_embedding/data/emojipedia/person_wearing_turban/facebook.jpg,person_wearing_turban
emoji_embedding/data/emojipedia/woman_farmer/lg.jpg,woman_farmer
emoji_embedding/data/emojipedia/woman_farmer/samsung.jpg,woman_farmer
emoji_embedding/data/emojipedia/woman_farmer/microsoft.jpg,woman_farmer
emoji_embedding/data/emojipedia/woman_farmer/apple.jpg,woman_farmer
emoji_embedding/data/emojipedia/woman_farmer/skype.jpg,woman_farmer
emoji_embedding/data/emojipedia/woman_farmer/emojidex.jpg,woman_farmer
emoji_embedding/data/emojipedia/woman_farmer/twitter.jpg,woman_farmer
emoji_embedding/data/emojipedia/woman_farmer/joypixels.jpg,woman_farmer
emoji_embedding/data/emojipedia/woman_farmer/openmoji.jpg,woman_farmer
emoji_embedding/data/emojipedia/woman_farmer/whatsapp.jpg,woman_farmer
emoji_embedding/data/emojipedia/woman_farmer/google.jpg,woman_farmer
emoji_embedding/data/emojipedia/woman_farmer/facebook.jpg,woman_farmer
emoji_embedding/data/emojipedia/beaming_face_with_smiling_eyes/htc.jpg,beaming_face_with_smiling_eyes
emoji_embedding/data/emojipedia/beaming_face_with_smiling_eyes/lg.jpg,beaming_face_with_smiling_eyes
emoji_embedding/data/emojipedia/beaming_face_with_smiling_eyes/mozilla.jpg,beaming_face_with_smiling_eyes
emoji_embedding/data/emojipedia/beaming_face_with_smiling_eyes/softbank.jpg,beaming_face_with_smiling_eyes
emoji_embedding/data/emojipedia/beaming_face_with_smiling_eyes/docomo.jpg,beaming_face_with_smiling_eyes
emoji_embedding/data/emojipedia/beaming_face_with_smiling_eyes/samsung.jpg,beaming_face_with_smiling_eyes
emoji_embedding/data/emojipedia/beaming_face_with_smiling_eyes/microsoft.jpg,beaming_face_with_smiling_eyes
emoji_embedding/data/emojipedia/beaming_face_with_smiling_eyes/apple.jpg,beaming_face_with_smiling_eyes
emoji_embedding/data/emojipedia/beaming_face_with_smiling_eyes/skype.jpg,beaming_face_with_smiling_eyes
emoji_embedding/data/emojipedia/beaming_face_with_smiling_eyes/messenger.jpg,beaming_face_with_smiling_eyes
emoji_embedding/data/emojipedia/beaming_face_with_smiling_eyes/emojidex.jpg,beaming_face_with_smiling_eyes
emoji_embedding/data/emojipedia/beaming_face_with_smiling_eyes/twitter.jpg,beaming_face_with_smiling_eyes
emoji_embedding/data/emojipedia/beaming_face_with_smiling_eyes/joypixels.jpg,beaming_face_with_smiling_eyes
emoji_embedding/data/emojipedia/beaming_face_with_smiling_eyes/openmoji.jpg,beaming_face_with_smiling_eyes
emoji_embedding/data/emojipedia/beaming_face_with_smiling_eyes/au_by_kddi.jpg,beaming_face_with_smiling_eyes
emoji_embedding/data/emojipedia/beaming_face_with_smiling_eyes/whatsapp.jpg,beaming_face_with_smiling_eyes
emoji_embedding/data/emojipedia/beaming_face_with_smiling_eyes/google.jpg,beaming_face_with_smiling_eyes
emoji_embedding/data/emojipedia/beaming_face_with_smiling_eyes/facebook.jpg,beaming_face_with_smiling_eyes
emoji_embedding/data/emojipedia/flag:_estonia/lg.jpg,flag:_estonia
emoji_embedding/data/emojipedia/flag:_estonia/samsung.jpg,flag:_estonia
emoji_embedding/data/emojipedia/flag:_estonia/apple.jpg,flag:_estonia
emoji_embedding/data/emojipedia/flag:_estonia/skype.jpg,flag:_estonia
emoji_embedding/data/emojipedia/flag:_estonia/emojidex.jpg,flag:_estonia
emoji_embedding/data/emojipedia/flag:_estonia/twitter.jpg,flag:_estonia
emoji_embedding/data/emojipedia/flag:_estonia/joypixels.jpg,flag:_estonia
emoji_embedding/data/emojipedia/flag:_estonia/openmoji.jpg,flag:_estonia
emoji_embedding/data/emojipedia/flag:_estonia/whatsapp.jpg,flag:_estonia
emoji_embedding/data/emojipedia/flag:_estonia/google.jpg,flag:_estonia
emoji_embedding/data/emojipedia/flag:_estonia/facebook.jpg,flag:_estonia
emoji_embedding/data/emojipedia/flag:_wales/lg.jpg,flag:_wales
emoji_embedding/data/emojipedia/flag:_wales/samsung.jpg,flag:_wales
emoji_embedding/data/emojipedia/flag:_wales/apple.jpg,flag:_wales
emoji_embedding/data/emojipedia/flag:_wales/emojidex.jpg,flag:_wales
emoji_embedding/data/emojipedia/flag:_wales/twitter.jpg,flag:_wales
emoji_embedding/data/emojipedia/flag:_wales/joypixels.jpg,flag:_wales
emoji_embedding/data/emojipedia/flag:_wales/openmoji.jpg,flag:_wales
emoji_embedding/data/emojipedia/flag:_wales/emojipedia.jpg,flag:_wales
emoji_embedding/data/emojipedia/flag:_wales/whatsapp.jpg,flag:_wales
emoji_embedding/data/emojipedia/flag:_wales/google.jpg,flag:_wales
emoji_embedding/data/emojipedia/flag:_wales/facebook.jpg,flag:_wales
emoji_embedding/data/emojipedia/speak-no-evil_monkey/htc.jpg,speak-no-evil_monkey
emoji_embedding/data/emojipedia/speak-no-evil_monkey/lg.jpg,speak-no-evil_monkey
emoji_embedding/data/emojipedia/speak-no-evil_monkey/mozilla.jpg,speak-no-evil_monkey
emoji_embedding/data/emojipedia/speak-no-evil_monkey/softbank.jpg,speak-no-evil_monkey
emoji_embedding/data/emojipedia/speak-no-evil_monkey/docomo.jpg,speak-no-evil_monkey
emoji_embedding/data/emojipedia/speak-no-evil_monkey/samsung.jpg,speak-no-evil_monkey
emoji_embedding/data/emojipedia/speak-no-evil_monkey/microsoft.jpg,speak-no-evil_monkey
emoji_embedding/data/emojipedia/speak-no-evil_monkey/apple.jpg,speak-no-evil_monkey
emoji_embedding/data/emojipedia/speak-no-evil_monkey/skype.jpg,speak-no-evil_monkey
emoji_embedding/data/emojipedia/speak-no-evil_monkey/messenger.jpg,speak-no-evil_monkey
emoji_embedding/data/emojipedia/speak-no-evil_monkey/emojidex.jpg,speak-no-evil_monkey
emoji_embedding/data/emojipedia/speak-no-evil_monkey/twitter.jpg,speak-no-evil_monkey
emoji_embedding/data/emojipedia/speak-no-evil_monkey/joypixels.jpg,speak-no-evil_monkey
emoji_embedding/data/emojipedia/speak-no-evil_monkey/openmoji.jpg,speak-no-evil_monkey
emoji_embedding/data/emojipedia/speak-no-evil_monkey/au_by_kddi.jpg,speak-no-evil_monkey
emoji_embedding/data/emojipedia/speak-no-evil_monkey/whatsapp.jpg,speak-no-evil_monkey
emoji_embedding/data/emojipedia/speak-no-evil_monkey/google.jpg,speak-no-evil_monkey
emoji_embedding/data/emojipedia/speak-no-evil_monkey/facebook.jpg,speak-no-evil_monkey
emoji_embedding/data/emojipedia/flag:_benin/lg.jpg,flag:_benin
emoji_embedding/data/emojipedia/flag:_benin/samsung.jpg,flag:_benin
emoji_embedding/data/emojipedia/flag:_benin/apple.jpg,flag:_benin
emoji_embedding/data/emojipedia/flag:_benin/skype.jpg,flag:_benin
emoji_embedding/data/emojipedia/flag:_benin/twitter.jpg,flag:_benin
emoji_embedding/data/emojipedia/flag:_benin/joypixels.jpg,flag:_benin
emoji_embedding/data/emojipedia/flag:_benin/openmoji.jpg,flag:_benin
emoji_embedding/data/emojipedia/flag:_benin/whatsapp.jpg,flag:_benin
emoji_embedding/data/emojipedia/flag:_benin/google.jpg,flag:_benin
emoji_embedding/data/emojipedia/flag:_benin/facebook.jpg,flag:_benin
emoji_embedding/data/emojipedia/elf/lg.jpg,elf
emoji_embedding/data/emojipedia/elf/samsung.jpg,elf
emoji_embedding/data/emojipedia/elf/microsoft.jpg,elf
emoji_embedding/data/emojipedia/elf/apple.jpg,elf
emoji_embedding/data/emojipedia/elf/skype.jpg,elf
emoji_embedding/data/emojipedia/elf/twitter.jpg,elf
emoji_embedding/data/emojipedia/elf/joypixels.jpg,elf
emoji_embedding/data/emojipedia/elf/openmoji.jpg,elf
emoji_embedding/data/emojipedia/elf/emojipedia.jpg,elf
emoji_embedding/data/emojipedia/elf/whatsapp.jpg,elf
emoji_embedding/data/emojipedia/elf/google.jpg,elf
emoji_embedding/data/emojipedia/elf/facebook.jpg,elf
emoji_embedding/data/emojipedia/globe_showing_europe-africa/htc.jpg,globe_showing_europe-africa
emoji_embedding/data/emojipedia/globe_showing_europe-africa/lg.jpg,globe_showing_europe-africa
emoji_embedding/data/emojipedia/globe_showing_europe-africa/mozilla.jpg,globe_showing_europe-africa
emoji_embedding/data/emojipedia/globe_showing_europe-africa/samsung.jpg,globe_showing_europe-africa
emoji_embedding/data/emojipedia/globe_showing_europe-africa/microsoft.jpg,globe_showing_europe-africa
emoji_embedding/data/emojipedia/globe_showing_europe-africa/apple.jpg,globe_showing_europe-africa
emoji_embedding/data/emojipedia/globe_showing_europe-africa/skype.jpg,globe_showing_europe-africa
emoji_embedding/data/emojipedia/globe_showing_europe-africa/messenger.jpg,globe_showing_europe-africa
emoji_embedding/data/emojipedia/globe_showing_europe-africa/emojidex.jpg,globe_showing_europe-africa
emoji_embedding/data/emojipedia/globe_showing_europe-africa/twitter.jpg,globe_showing_europe-africa
emoji_embedding/data/emojipedia/globe_showing_europe-africa/joypixels.jpg,globe_showing_europe-africa
emoji_embedding/data/emojipedia/globe_showing_europe-africa/openmoji.jpg,globe_showing_europe-africa
emoji_embedding/data/emojipedia/globe_showing_europe-africa/whatsapp.jpg,globe_showing_europe-africa
emoji_embedding/data/emojipedia/globe_showing_europe-africa/google.jpg,globe_showing_europe-africa
emoji_embedding/data/emojipedia/globe_showing_europe-africa/facebook.jpg,globe_showing_europe-africa
emoji_embedding/data/emojipedia/money_bag/htc.jpg,money_bag
emoji_embedding/data/emojipedia/money_bag/lg.jpg,money_bag
emoji_embedding/data/emojipedia/money_bag/mozilla.jpg,money_bag
emoji_embedding/data/emojipedia/money_bag/softbank.jpg,money_bag
emoji_embedding/data/emojipedia/money_bag/docomo.jpg,money_bag
emoji_embedding/data/emojipedia/money_bag/samsung.jpg,money_bag
emoji_embedding/data/emojipedia/money_bag/microsoft.jpg,money_bag
emoji_embedding/data/emojipedia/money_bag/apple.jpg,money_bag
emoji_embedding/data/emojipedia/money_bag/skype.jpg,money_bag
emoji_embedding/data/emojipedia/money_bag/messenger.jpg,money_bag
emoji_embedding/data/emojipedia/money_bag/emojidex.jpg,money_bag
emoji_embedding/data/emojipedia/money_bag/twitter.jpg,money_bag
emoji_embedding/data/emojipedia/money_bag/joypixels.jpg,money_bag
emoji_embedding/data/emojipedia/money_bag/openmoji.jpg,money_bag
emoji_embedding/data/emojipedia/money_bag/au_by_kddi.jpg,money_bag
emoji_embedding/data/emojipedia/money_bag/whatsapp.jpg,money_bag
emoji_embedding/data/emojipedia/money_bag/google.jpg,money_bag
emoji_embedding/data/emojipedia/money_bag/facebook.jpg,money_bag
emoji_embedding/data/emojipedia/man:_white_hair/lg.jpg,man:_white_hair
emoji_embedding/data/emojipedia/man:_white_hair/samsung.jpg,man:_white_hair
emoji_embedding/data/emojipedia/man:_white_hair/microsoft.jpg,man:_white_hair
emoji_embedding/data/emojipedia/man:_white_hair/apple.jpg,man:_white_hair
emoji_embedding/data/emojipedia/man:_white_hair/twitter.jpg,man:_white_hair
emoji_embedding/data/emojipedia/man:_white_hair/joypixels.jpg,man:_white_hair
emoji_embedding/data/emojipedia/man:_white_hair/openmoji.jpg,man:_white_hair
emoji_embedding/data/emojipedia/man:_white_hair/emojipedia.jpg,man:_white_hair
emoji_embedding/data/emojipedia/man:_white_hair/whatsapp.jpg,man:_white_hair
emoji_embedding/data/emojipedia/man:_white_hair/google.jpg,man:_white_hair
emoji_embedding/data/emojipedia/man:_white_hair/facebook.jpg,man:_white_hair
emoji_embedding/data/emojipedia/right_arrow/htc.jpg,right_arrow
emoji_embedding/data/emojipedia/right_arrow/lg.jpg,right_arrow
emoji_embedding/data/emojipedia/right_arrow/mozilla.jpg,right_arrow
emoji_embedding/data/emojipedia/right_arrow/softbank.jpg,right_arrow
emoji_embedding/data/emojipedia/right_arrow/docomo.jpg,right_arrow
emoji_embedding/data/emojipedia/right_arrow/samsung.jpg,right_arrow
emoji_embedding/data/emojipedia/right_arrow/microsoft.jpg,right_arrow
emoji_embedding/data/emojipedia/right_arrow/apple.jpg,right_arrow
emoji_embedding/data/emojipedia/right_arrow/skype.jpg,right_arrow
emoji_embedding/data/emojipedia/right_arrow/messenger.jpg,right_arrow
emoji_embedding/data/emojipedia/right_arrow/emojidex.jpg,right_arrow
emoji_embedding/data/emojipedia/right_arrow/twitter.jpg,right_arrow
emoji_embedding/data/emojipedia/right_arrow/joypixels.jpg,right_arrow
emoji_embedding/data/emojipedia/right_arrow/openmoji.jpg,right_arrow
emoji_embedding/data/emojipedia/right_arrow/au_by_kddi.jpg,right_arrow
emoji_embedding/data/emojipedia/right_arrow/whatsapp.jpg,right_arrow
emoji_embedding/data/emojipedia/right_arrow/google.jpg,right_arrow
emoji_embedding/data/emojipedia/right_arrow/facebook.jpg,right_arrow
emoji_embedding/data/emojipedia/mirror/samsung.jpg,mirror
emoji_embedding/data/emojipedia/mirror/microsoft.jpg,mirror
emoji_embedding/data/emojipedia/mirror/apple.jpg,mirror
emoji_embedding/data/emojipedia/mirror/skype.jpg,mirror
emoji_embedding/data/emojipedia/mirror/twitter.jpg,mirror
emoji_embedding/data/emojipedia/mirror/joypixels.jpg,mirror
emoji_embedding/data/emojipedia/mirror/openmoji.jpg,mirror
emoji_embedding/data/emojipedia/mirror/emojipedia.jpg,mirror
emoji_embedding/data/emojipedia/mirror/whatsapp.jpg,mirror
emoji_embedding/data/emojipedia/mirror/google.jpg,mirror
emoji_embedding/data/emojipedia/mirror/facebook.jpg,mirror
