emoji_id,emoji_name,emoji_char_ascii,emoji_char_ascii_beg,zero_shot
0,2nd_place_medal,\U0001f948,\U0001f948,False
1,3rd_place_medal,\U0001f949,\U0001f949,False
2,a_button_(blood_type),\U0001f170\ufe0f,\U0001f170,False
3,ab_button_(blood_type),\U0001f18e,\U0001f18e,False
4,abacus,\U0001f9ee,\U0001f9ee,False
5,accordion,\U0001fa97,\U0001fa97,False
6,adhesive_bandage,\U0001fa79,\U0001fa79,False
7,admission_tickets,\U0001f39f\ufe0f,\U0001f39f,False
8,aerial_tramway,\U0001f6a1,\U0001f6a1,False
9,airplane,\u2708\ufe0f,\u2708,False
10,airplane_arrival,\U0001f6ec,\U0001f6ec,False
11,airplane_departure,\U0001f6eb,\U0001f6eb,False
12,alarm_clock,\u23f0,\u23f0,False
13,alembic,\u2697\ufe0f,\u2697,False
14,alien,\U0001f47d,\U0001f47d,False
15,alien_monster,\U0001f47e,\U0001f47e,False
16,ambulance,\U0001f691,\U0001f691,False
17,american_football,\U0001f3c8,\U0001f3c8,False
18,amphora,\U0001f3fa,\U0001f3fa,False
19,anatomical_heart,\U0001fac0,\U0001fac0,False
20,anchor,\u2693,\u2693,False
21,anger_symbol,\U0001f4a2,\U0001f4a2,False
22,angry_face,\U0001f620,\U0001f620,False
23,angry_face_with_horns,\U0001f47f,\U0001f47f,False
24,anguished_face,\U0001f627,\U0001f627,False
25,ant,\U0001f41c,\U0001f41c,False
26,antenna_bars,\U0001f4f6,\U0001f4f6,False
27,anxious_face_with_sweat,\U0001f630,\U0001f630,False
28,aquarius,\u2652,\u2652,False
29,aries,\u2648,\u2648,False
30,articulated_lorry,\U0001f69b,\U0001f69b,False
31,artist,\U0001f9d1\u200d\U0001f3a8,\U0001f9d1,False
32,artist_palette,\U0001f3a8,\U0001f3a8,False
33,astonished_face,\U0001f632,\U0001f632,False
34,astronaut,\U0001f9d1\u200d\U0001f680,\U0001f9d1,False
35,atm_sign,\U0001f3e7,\U0001f3e7,False
36,atom_symbol,\u269b\ufe0f,\u269b,False
37,auto_rickshaw,\U0001f6fa,\U0001f6fa,False
38,automobile,\U0001f697,\U0001f697,False
39,avocado,\U0001f951,\U0001f951,False
40,axe,\U0001fa93,\U0001fa93,False
41,baby,\U0001f476,\U0001f476,False
42,baby_angel,\U0001f47c,\U0001f47c,False
43,baby_bottle,\U0001f37c,\U0001f37c,False
44,baby_chick,\U0001f424,\U0001f424,False
45,baby_symbol,\U0001f6bc,\U0001f6bc,False
46,back_arrow,\U0001f519,\U0001f519,False
47,backhand_index_pointing_down,\U0001f447,\U0001f447,False
48,backhand_index_pointing_left,\U0001f448,\U0001f448,False
49,backhand_index_pointing_up,\U0001f446,\U0001f446,False
50,backpack,\U0001f392,\U0001f392,False
51,badger,\U0001f9a1,\U0001f9a1,False
52,badminton,\U0001f3f8,\U0001f3f8,False
53,bagel,\U0001f96f,\U0001f96f,False
54,baggage_claim,\U0001f6c4,\U0001f6c4,False
55,baguette_bread,\U0001f956,\U0001f956,False
56,balance_scale,\u2696\ufe0f,\u2696,False
57,ballet_shoes,\U0001fa70,\U0001fa70,False
58,balloon,\U0001f388,\U0001f388,False
59,ballot_box_with_ballot,\U0001f5f3\ufe0f,\U0001f5f3,False
60,banana,\U0001f34c,\U0001f34c,False
61,banjo,\U0001fa95,\U0001fa95,False
62,bank,\U0001f3e6,\U0001f3e6,False
63,bar_chart,\U0001f4ca,\U0001f4ca,False
64,barber_pole,\U0001f488,\U0001f488,False
65,baseball,\u26be,\u26be,False
66,basket,\U0001f9fa,\U0001f9fa,False
67,basketball,\U0001f3c0,\U0001f3c0,False
68,bat,\U0001f987,\U0001f987,False
69,bathtub,\U0001f6c1,\U0001f6c1,False
70,battery,\U0001f50b,\U0001f50b,False
71,beach_with_umbrella,\U0001f3d6\ufe0f,\U0001f3d6,False
72,beaming_face_with_smiling_eyes,\U0001f601,\U0001f601,False
73,bear,\U0001f43b,\U0001f43b,False
74,beating_heart,\U0001f493,\U0001f493,False
75,beaver,\U0001f9ab,\U0001f9ab,False
76,bed,\U0001f6cf\ufe0f,\U0001f6cf,False
77,beer_mug,\U0001f37a,\U0001f37a,False
78,beetle,\U0001fab2,\U0001fab2,False
79,bell,\U0001f514,\U0001f514,False
80,bell_pepper,\U0001fad1,\U0001fad1,False
81,bell_with_slash,\U0001f515,\U0001f515,False
82,bellhop_bell,\U0001f6ce\ufe0f,\U0001f6ce,False
83,bento_box,\U0001f371,\U0001f371,False
84,beverage_box,\U0001f9c3,\U0001f9c3,False
85,bicycle,\U0001f6b2,\U0001f6b2,False
86,billed_cap,\U0001f9e2,\U0001f9e2,False
87,biohazard,\u2623\ufe0f,\u2623,False
88,bird,\U0001f426,\U0001f426,False
89,birthday_cake,\U0001f382,\U0001f382,False
90,bison,\U0001f9ac,\U0001f9ac,False
91,black_cat,\U0001f408\u200d\u2b1b,\U0001f408,False
92,black_circle,\u26ab,\u26ab,False
93,black_flag,\U0001f3f4,\U0001f3f4,False
94,black_heart,\U0001f5a4,\U0001f5a4,False
95,black_large_square,\u2b1b,\u2b1b,False
96,black_medium-small_square,\u25fe,\u25fe,False
97,black_medium_square,\u25fc\ufe0f,\u25fc,False
98,black_nib,\u2712\ufe0f,\u2712,False
99,black_square_button,\U0001f532,\U0001f532,False
100,blossom,\U0001f33c,\U0001f33c,False
101,blowfish,\U0001f421,\U0001f421,False
102,blue_book,\U0001f4d8,\U0001f4d8,False
103,blue_circle,\U0001f535,\U0001f535,False
104,blue_heart,\U0001f499,\U0001f499,False
105,blue_square,\U0001f7e6,\U0001f7e6,False
106,blueberries,\U0001fad0,\U0001fad0,False
107,boar,\U0001f417,\U0001f417,False
108,bomb,\U0001f4a3,\U0001f4a3,False
109,bone,\U0001f9b4,\U0001f9b4,False
110,bookmark,\U0001f516,\U0001f516,False
111,bookmark_tabs,\U0001f4d1,\U0001f4d1,False
112,books,\U0001f4da,\U0001f4da,False
113,boomerang,\U0001fa83,\U0001fa83,False
114,bottle_with_popping_cork,\U0001f37e,\U0001f37e,False
115,bouquet,\U0001f490,\U0001f490,False
116,bow_and_arrow,\U0001f3f9,\U0001f3f9,False
117,bowl_with_spoon,\U0001f963,\U0001f963,False
118,bowling,\U0001f3b3,\U0001f3b3,False
119,boxing_glove,\U0001f94a,\U0001f94a,False
120,boy,\U0001f466,\U0001f466,False
121,brain,\U0001f9e0,\U0001f9e0,False
122,bread,\U0001f35e,\U0001f35e,False
123,breast-feeding,\U0001f931,\U0001f931,False
124,brick,\U0001f9f1,\U0001f9f1,False
125,bridge_at_night,\U0001f309,\U0001f309,False
126,briefcase,\U0001f4bc,\U0001f4bc,False
127,briefs,\U0001fa72,\U0001fa72,False
128,bright_button,\U0001f506,\U0001f506,False
129,broken_heart,\U0001f494,\U0001f494,False
130,broom,\U0001f9f9,\U0001f9f9,False
131,brown_circle,\U0001f7e4,\U0001f7e4,False
132,brown_heart,\U0001f90e,\U0001f90e,False
133,brown_square,\U0001f7eb,\U0001f7eb,False
134,bubble_tea,\U0001f9cb,\U0001f9cb,False
135,bucket,\U0001faa3,\U0001faa3,False
136,bug,\U0001f41b,\U0001f41b,False
137,building_construction,\U0001f3d7\ufe0f,\U0001f3d7,False
138,bullet_train,\U0001f685,\U0001f685,False
139,bullseye,\U0001f3af,\U0001f3af,False
140,burrito,\U0001f32f,\U0001f32f,False
141,bus,\U0001f68c,\U0001f68c,False
142,bus_stop,\U0001f68f,\U0001f68f,False
143,bust_in_silhouette,\U0001f464,\U0001f464,False
144,busts_in_silhouette,\U0001f465,\U0001f465,False
145,butter,\U0001f9c8,\U0001f9c8,False
146,butterfly,\U0001f98b,\U0001f98b,False
147,cactus,\U0001f335,\U0001f335,False
148,calendar,\U0001f4c5,\U0001f4c5,False
149,call_me_hand,\U0001f919,\U0001f919,False
150,camel,\U0001f42a,\U0001f42a,False
151,camera,\U0001f4f7,\U0001f4f7,False
152,camera_with_flash,\U0001f4f8,\U0001f4f8,False
153,camping,\U0001f3d5\ufe0f,\U0001f3d5,False
154,cancer,\u264b,\u264b,False
155,candle,\U0001f56f\ufe0f,\U0001f56f,False
156,candy,\U0001f36c,\U0001f36c,False
157,canned_food,\U0001f96b,\U0001f96b,False
158,canoe,\U0001f6f6,\U0001f6f6,False
159,capricorn,\u2651,\u2651,False
160,card_file_box,\U0001f5c3\ufe0f,\U0001f5c3,False
161,card_index,\U0001f4c7,\U0001f4c7,False
162,card_index_dividers,\U0001f5c2\ufe0f,\U0001f5c2,False
163,carousel_horse,\U0001f3a0,\U0001f3a0,False
164,carp_streamer,\U0001f38f,\U0001f38f,False
165,carpentry_saw,\U0001fa9a,\U0001fa9a,False
166,carrot,\U0001f955,\U0001f955,False
167,castle,\U0001f3f0,\U0001f3f0,False
168,cat,\U0001f408,\U0001f408,False
169,cat_face,\U0001f431,\U0001f431,False
170,cat_with_tears_of_joy,\U0001f639,\U0001f639,False
171,cat_with_wry_smile,\U0001f63c,\U0001f63c,False
172,chains,\u26d3\ufe0f,\u26d3,False
173,chair,\U0001fa91,\U0001fa91,False
174,chart_decreasing,\U0001f4c9,\U0001f4c9,False
175,chart_increasing_with_yen,\U0001f4b9,\U0001f4b9,False
176,check_box_with_check,\u2611\ufe0f,\u2611,False
177,check_mark,\u2714\ufe0f,\u2714,False
178,check_mark_button,\u2705,\u2705,False
179,cheese_wedge,\U0001f9c0,\U0001f9c0,False
180,chequered_flag,\U0001f3c1,\U0001f3c1,False
181,cherries,\U0001f352,\U0001f352,False
182,cherry_blossom,\U0001f338,\U0001f338,False
183,chess_pawn,\u265f\ufe0f,\u265f,False
184,chestnut,\U0001f330,\U0001f330,False
185,chicken,\U0001f414,\U0001f414,False
186,child,\U0001f9d2,\U0001f9d2,False
187,children_crossing,\U0001f6b8,\U0001f6b8,False
188,chipmunk,\U0001f43f\ufe0f,\U0001f43f,False
189,chocolate_bar,\U0001f36b,\U0001f36b,False
190,chopsticks,\U0001f962,\U0001f962,False
191,christmas_tree,\U0001f384,\U0001f384,False
192,church,\u26ea,\u26ea,False
193,cigarette,\U0001f6ac,\U0001f6ac,False
194,cinema,\U0001f3a6,\U0001f3a6,False
195,circled_m,\u24c2\ufe0f,\u24c2,False
196,circus_tent,\U0001f3aa,\U0001f3aa,False
197,cityscape,\U0001f3d9\ufe0f,\U0001f3d9,False
198,cityscape_at_dusk,\U0001f306,\U0001f306,False
199,cl_button,\U0001f191,\U0001f191,False
200,clamp,\U0001f5dc\ufe0f,\U0001f5dc,False
201,clapper_board,\U0001f3ac,\U0001f3ac,False
202,clapping_hands,\U0001f44f,\U0001f44f,False
203,classical_building,\U0001f3db\ufe0f,\U0001f3db,False
204,clinking_beer_mugs,\U0001f37b,\U0001f37b,False
205,clinking_glasses,\U0001f942,\U0001f942,False
206,clipboard,\U0001f4cb,\U0001f4cb,False
207,clockwise_vertical_arrows,\U0001f503,\U0001f503,False
208,closed_book,\U0001f4d5,\U0001f4d5,False
209,closed_mailbox_with_lowered_flag,\U0001f4ea,\U0001f4ea,False
210,closed_mailbox_with_raised_flag,\U0001f4eb,\U0001f4eb,False
211,closed_umbrella,\U0001f302,\U0001f302,False
212,cloud_with_lightning,\U0001f329\ufe0f,\U0001f329,False
213,cloud_with_lightning_and_rain,\u26c8\ufe0f,\u26c8,False
214,cloud_with_rain,\U0001f327\ufe0f,\U0001f327,False
215,cloud_with_snow,\U0001f328\ufe0f,\U0001f328,False
216,clown_face,\U0001f921,\U0001f921,False
217,club_suit,\u2663\ufe0f,\u2663,False
218,clutch_bag,\U0001f45d,\U0001f45d,False
219,coat,\U0001f9e5,\U0001f9e5,False
220,cockroach,\U0001fab3,\U0001fab3,False
221,cocktail_glass,\U0001f378,\U0001f378,False
222,coconut,\U0001f965,\U0001f965,False
223,coffin,\u26b0\ufe0f,\u26b0,False
224,coin,\U0001fa99,\U0001fa99,False
225,cold_face,\U0001f976,\U0001f976,False
226,comet,\u2604\ufe0f,\u2604,False
227,compass,\U0001f9ed,\U0001f9ed,False
228,computer_disk,\U0001f4bd,\U0001f4bd,False
229,confetti_ball,\U0001f38a,\U0001f38a,False
230,confounded_face,\U0001f616,\U0001f616,False
231,confused_face,\U0001f615,\U0001f615,False
232,construction,\U0001f6a7,\U0001f6a7,False
233,construction_worker,\U0001f477,\U0001f477,False
234,control_knobs,\U0001f39b\ufe0f,\U0001f39b,False
235,convenience_store,\U0001f3ea,\U0001f3ea,False
236,cook,\U0001f9d1\u200d\U0001f373,\U0001f9d1,False
237,cooked_rice,\U0001f35a,\U0001f35a,False
238,cookie,\U0001f36a,\U0001f36a,False
239,cooking,\U0001f373,\U0001f373,False
240,cool_button,\U0001f192,\U0001f192,False
241,copyright,\xa9\ufe0f,\xa9,False
242,couch_and_lamp,\U0001f6cb\ufe0f,\U0001f6cb,False
243,counterclockwise_arrows_button,\U0001f504,\U0001f504,False
244,couple_with_heart,\U0001f491,\U0001f491,False
245,"couple_with_heart-_man,_man",\U0001f468\u200d\u2764\ufe0f\u200d\U0001f468,\U0001f468,False
246,"couple_with_heart-_woman,_man",\U0001f469\u200d\u2764\ufe0f\u200d\U0001f468,\U0001f469,False
247,"couple_with_heart-_woman,_woman",\U0001f469\u200d\u2764\ufe0f\u200d\U0001f469,\U0001f469,False
248,cow,\U0001f404,\U0001f404,False
249,cow_face,\U0001f42e,\U0001f42e,False
250,cowboy_hat_face,\U0001f920,\U0001f920,False
251,crab,\U0001f980,\U0001f980,False
252,crayon,\U0001f58d\ufe0f,\U0001f58d,False
253,credit_card,\U0001f4b3,\U0001f4b3,False
254,cricket,\U0001f997,\U0001f997,False
255,cricket_game,\U0001f3cf,\U0001f3cf,False
256,crocodile,\U0001f40a,\U0001f40a,False
257,croissant,\U0001f950,\U0001f950,False
258,cross_mark,\u274c,\u274c,False
259,cross_mark_button,\u274e,\u274e,False
260,crossed_fingers,\U0001f91e,\U0001f91e,False
261,crossed_flags,\U0001f38c,\U0001f38c,False
262,crossed_swords,\u2694\ufe0f,\u2694,False
263,crown,\U0001f451,\U0001f451,False
264,crying_cat,\U0001f63f,\U0001f63f,False
265,crying_face,\U0001f622,\U0001f622,False
266,crystal_ball,\U0001f52e,\U0001f52e,False
267,cucumber,\U0001f952,\U0001f952,False
268,cup_with_straw,\U0001f964,\U0001f964,False
269,cupcake,\U0001f9c1,\U0001f9c1,False
270,curling_stone,\U0001f94c,\U0001f94c,False
271,curly_loop,\u27b0,\u27b0,False
272,currency_exchange,\U0001f4b1,\U0001f4b1,False
273,curry_rice,\U0001f35b,\U0001f35b,False
274,custard,\U0001f36e,\U0001f36e,False
275,customs,\U0001f6c3,\U0001f6c3,False
276,cut_of_meat,\U0001f969,\U0001f969,False
277,cyclone,\U0001f300,\U0001f300,False
278,dagger,\U0001f5e1\ufe0f,\U0001f5e1,False
279,dango,\U0001f361,\U0001f361,False
280,dashing_away,\U0001f4a8,\U0001f4a8,False
281,deaf_man,\U0001f9cf\u200d\u2642\ufe0f,\U0001f9cf,False
282,deaf_person,\U0001f9cf,\U0001f9cf,False
283,deciduous_tree,\U0001f333,\U0001f333,False
284,deer,\U0001f98c,\U0001f98c,False
285,delivery_truck,\U0001f69a,\U0001f69a,False
286,derelict_house,\U0001f3da\ufe0f,\U0001f3da,False
287,desert,\U0001f3dc\ufe0f,\U0001f3dc,False
288,desert_island,\U0001f3dd\ufe0f,\U0001f3dd,False
289,desktop_computer,\U0001f5a5\ufe0f,\U0001f5a5,False
290,detective,\U0001f575\ufe0f,\U0001f575,False
291,diamond_suit,\u2666\ufe0f,\u2666,False
292,diamond_with_a_dot,\U0001f4a0,\U0001f4a0,False
293,dim_button,\U0001f505,\U0001f505,False
294,disappointed_face,\U0001f61e,\U0001f61e,False
295,disguised_face,\U0001f978,\U0001f978,False
296,divide,\u2797,\u2797,False
297,diving_mask,\U0001f93f,\U0001f93f,False
298,diya_lamp,\U0001fa94,\U0001fa94,False
299,dizzy,\U0001f4ab,\U0001f4ab,False
300,dna,\U0001f9ec,\U0001f9ec,False
301,dodo,\U0001f9a4,\U0001f9a4,False
302,dog,\U0001f415,\U0001f415,False
303,dog_face,\U0001f436,\U0001f436,False
304,dollar_banknote,\U0001f4b5,\U0001f4b5,False
305,dolphin,\U0001f42c,\U0001f42c,False
306,door,\U0001f6aa,\U0001f6aa,False
307,dotted_six-pointed_star,\U0001f52f,\U0001f52f,False
308,double_curly_loop,\u27bf,\u27bf,False
309,double_exclamation_mark,\u203c\ufe0f,\u203c,False
310,doughnut,\U0001f369,\U0001f369,False
311,dove,\U0001f54a\ufe0f,\U0001f54a,False
312,down-left_arrow,\u2199\ufe0f,\u2199,False
313,down-right_arrow,\u2198\ufe0f,\u2198,False
314,down_arrow,\u2b07\ufe0f,\u2b07,False
315,downcast_face_with_sweat,\U0001f613,\U0001f613,False
316,downwards_button,\U0001f53d,\U0001f53d,False
317,dragon,\U0001f409,\U0001f409,False
318,dragon_face,\U0001f432,\U0001f432,False
319,dress,\U0001f457,\U0001f457,False
320,drooling_face,\U0001f924,\U0001f924,False
321,drop_of_blood,\U0001fa78,\U0001fa78,False
322,droplet,\U0001f4a7,\U0001f4a7,False
323,drum,\U0001f941,\U0001f941,False
324,duck,\U0001f986,\U0001f986,False
325,dumpling,\U0001f95f,\U0001f95f,False
326,dvd,\U0001f4c0,\U0001f4c0,False
327,e-mail,\U0001f4e7,\U0001f4e7,False
328,eagle,\U0001f985,\U0001f985,False
329,ear,\U0001f442,\U0001f442,False
330,ear_of_corn,\U0001f33d,\U0001f33d,False
331,ear_with_hearing_aid,\U0001f9bb,\U0001f9bb,False
332,egg,\U0001f95a,\U0001f95a,False
333,eggplant,\U0001f346,\U0001f346,False
334,eight-pointed_star,\u2734\ufe0f,\u2734,False
335,eight-spoked_asterisk,\u2733\ufe0f,\u2733,False
336,eight-thirty,\U0001f563,\U0001f563,False
337,eight_oclock,\U0001f557,\U0001f557,False
338,eject_button,\u23cf\ufe0f,\u23cf,False
339,electric_plug,\U0001f50c,\U0001f50c,False
340,elephant,\U0001f418,\U0001f418,False
341,elevator,\U0001f6d7,\U0001f6d7,False
342,eleven-thirty,\U0001f566,\U0001f566,False
343,eleven_oclock,\U0001f55a,\U0001f55a,False
344,end_arrow,\U0001f51a,\U0001f51a,False
345,envelope,\u2709\ufe0f,\u2709,False
346,envelope_with_arrow,\U0001f4e9,\U0001f4e9,False
347,euro_banknote,\U0001f4b6,\U0001f4b6,False
348,evergreen_tree,\U0001f332,\U0001f332,False
349,ewe,\U0001f411,\U0001f411,False
350,exclamation_question_mark,\u2049\ufe0f,\u2049,False
351,exploding_head,\U0001f92f,\U0001f92f,False
352,expressionless_face,\U0001f611,\U0001f611,False
353,eye,\U0001f441\ufe0f,\U0001f441,False
354,eyes,\U0001f440,\U0001f440,False
355,face_blowing_a_kiss,\U0001f618,\U0001f618,False
356,face_exhaling,\U0001f62e\u200d\U0001f4a8,\U0001f62e,False
357,face_in_clouds,\U0001f636\u200d\U0001f32b\ufe0f,\U0001f636,False
358,face_savoring_food,\U0001f60b,\U0001f60b,False
359,face_screaming_in_fear,\U0001f631,\U0001f631,False
360,face_vomiting,\U0001f92e,\U0001f92e,False
361,face_with_crossed-out_eyes,\U0001f635,\U0001f635,False
362,face_with_hand_over_mouth,\U0001f92d,\U0001f92d,False
363,face_with_head-bandage,\U0001f915,\U0001f915,False
364,face_with_medical_mask,\U0001f637,\U0001f637,False
365,face_with_monocle,\U0001f9d0,\U0001f9d0,False
366,face_with_raised_eyebrow,\U0001f928,\U0001f928,False
367,face_with_rolling_eyes,\U0001f644,\U0001f644,False
368,face_with_spiral_eyes,\U0001f635\u200d\U0001f4ab,\U0001f635,False
369,face_with_steam_from_nose,\U0001f624,\U0001f624,False
370,face_with_symbols_on_mouth,\U0001f92c,\U0001f92c,False
371,face_with_tears_of_joy,\U0001f602,\U0001f602,False
372,face_with_thermometer,\U0001f912,\U0001f912,False
373,face_with_tongue,\U0001f61b,\U0001f61b,False
374,face_without_mouth,\U0001f636,\U0001f636,False
375,factory,\U0001f3ed,\U0001f3ed,False
376,factory_worker,\U0001f9d1\u200d\U0001f3ed,\U0001f9d1,False
377,fairy,\U0001f9da,\U0001f9da,False
378,falafel,\U0001f9c6,\U0001f9c6,False
379,fallen_leaf,\U0001f342,\U0001f342,False
380,family,\U0001f46a,\U0001f46a,False
381,"family-_man,_boy",\U0001f468\u200d\U0001f466,\U0001f468,False
382,"family-_man,_boy,_boy",\U0001f468\u200d\U0001f466\u200d\U0001f466,\U0001f468,False
383,"family-_man,_girl",\U0001f468\u200d\U0001f467,\U0001f468,False
384,"family-_man,_girl,_boy",\U0001f468\u200d\U0001f467\u200d\U0001f466,\U0001f468,False
385,"family-_man,_girl,_girl",\U0001f468\u200d\U0001f467\u200d\U0001f467,\U0001f468,False
386,"family-_man,_man,_boy",\U0001f468\u200d\U0001f468\u200d\U0001f466,\U0001f468,False
387,"family-_man,_man,_boy,_boy",\U0001f468\u200d\U0001f468\u200d\U0001f466\u200d\U0001f466,\U0001f468,False
388,"family-_man,_man,_girl",\U0001f468\u200d\U0001f468\u200d\U0001f467,\U0001f468,False
389,"family-_man,_man,_girl,_boy",\U0001f468\u200d\U0001f468\u200d\U0001f467\u200d\U0001f466,\U0001f468,False
390,"family-_man,_man,_girl,_girl",\U0001f468\u200d\U0001f468\u200d\U0001f467\u200d\U0001f467,\U0001f468,False
391,"family-_man,_woman,_boy,_boy",\U0001f468\u200d\U0001f469\u200d\U0001f466\u200d\U0001f466,\U0001f468,False
392,"family-_man,_woman,_girl",\U0001f468\u200d\U0001f469\u200d\U0001f467,\U0001f468,False
393,"family-_man,_woman,_girl,_boy",\U0001f468\u200d\U0001f469\u200d\U0001f467\u200d\U0001f466,\U0001f468,False
394,"family-_man,_woman,_girl,_girl",\U0001f468\u200d\U0001f469\u200d\U0001f467\u200d\U0001f467,\U0001f468,False
395,"family-_woman,_boy",\U0001f469\u200d\U0001f466,\U0001f469,False
396,"family-_woman,_boy,_boy",\U0001f469\u200d\U0001f466\u200d\U0001f466,\U0001f469,False
397,"family-_woman,_girl",\U0001f469\u200d\U0001f467,\U0001f469,False
398,"family-_woman,_girl,_boy",\U0001f469\u200d\U0001f467\u200d\U0001f466,\U0001f469,False
399,"family-_woman,_girl,_girl",\U0001f469\u200d\U0001f467\u200d\U0001f467,\U0001f469,False
400,"family-_woman,_woman,_boy",\U0001f469\u200d\U0001f469\u200d\U0001f466,\U0001f469,False
401,"family-_woman,_woman,_boy,_boy",\U0001f469\u200d\U0001f469\u200d\U0001f466\u200d\U0001f466,\U0001f469,False
402,"family-_woman,_woman,_girl,_boy",\U0001f469\u200d\U0001f469\u200d\U0001f467\u200d\U0001f466,\U0001f469,False
403,"family-_woman,_woman,_girl,_girl",\U0001f469\u200d\U0001f469\u200d\U0001f467\u200d\U0001f467,\U0001f469,False
404,farmer,\U0001f9d1\u200d\U0001f33e,\U0001f9d1,False
405,fast_down_button,\u23ec,\u23ec,False
406,fast_reverse_button,\u23ea,\u23ea,False
407,fast_up_button,\u23eb,\u23eb,False
408,fax_machine,\U0001f4e0,\U0001f4e0,False
409,fearful_face,\U0001f628,\U0001f628,False
410,feather,\U0001fab6,\U0001fab6,False
411,ferris_wheel,\U0001f3a1,\U0001f3a1,False
412,field_hockey,\U0001f3d1,\U0001f3d1,False
413,file_cabinet,\U0001f5c4\ufe0f,\U0001f5c4,False
414,file_folder,\U0001f4c1,\U0001f4c1,False
415,film_frames,\U0001f39e\ufe0f,\U0001f39e,False
416,film_projector,\U0001f4fd\ufe0f,\U0001f4fd,False
417,fire,\U0001f525,\U0001f525,False
418,fire_engine,\U0001f692,\U0001f692,False
419,fire_extinguisher,\U0001f9ef,\U0001f9ef,False
420,firecracker,\U0001f9e8,\U0001f9e8,False
421,fireworks,\U0001f386,\U0001f386,False
422,first_quarter_moon,\U0001f313,\U0001f313,False
423,first_quarter_moon_face,\U0001f31b,\U0001f31b,False
424,fish,\U0001f41f,\U0001f41f,False
425,fishing_pole,\U0001f3a3,\U0001f3a3,False
426,five-thirty,\U0001f560,\U0001f560,False
427,five_oclock,\U0001f554,\U0001f554,False
428,flag-_afghanistan,\U0001f1e6\U0001f1eb,\U0001f1e6,False
429,flag-_albania,\U0001f1e6\U0001f1f1,\U0001f1e6,False
430,flag-_algeria,\U0001f1e9\U0001f1ff,\U0001f1e9,False
431,flag-_american_samoa,\U0001f1e6\U0001f1f8,\U0001f1e6,False
432,flag-_andorra,\U0001f1e6\U0001f1e9,\U0001f1e6,False
433,flag-_angola,\U0001f1e6\U0001f1f4,\U0001f1e6,False
434,flag-_anguilla,\U0001f1e6\U0001f1ee,\U0001f1e6,False
435,flag-_antarctica,\U0001f1e6\U0001f1f6,\U0001f1e6,False
436,flag-_antigua_&_barbuda,\U0001f1e6\U0001f1ec,\U0001f1e6,False
437,flag-_argentina,\U0001f1e6\U0001f1f7,\U0001f1e6,False
438,flag-_armenia,\U0001f1e6\U0001f1f2,\U0001f1e6,False
439,flag-_aruba,\U0001f1e6\U0001f1fc,\U0001f1e6,False
440,flag-_ascension_island,\U0001f1e6\U0001f1e8,\U0001f1e6,False
441,flag-_australia,\U0001f1e6\U0001f1fa,\U0001f1e6,False
442,flag-_austria,\U0001f1e6\U0001f1f9,\U0001f1e6,False
443,flag-_azerbaijan,\U0001f1e6\U0001f1ff,\U0001f1e6,False
444,flag-_bahamas,\U0001f1e7\U0001f1f8,\U0001f1e7,False
445,flag-_bahrain,\U0001f1e7\U0001f1ed,\U0001f1e7,False
446,flag-_bangladesh,\U0001f1e7\U0001f1e9,\U0001f1e7,False
447,flag-_barbados,\U0001f1e7\U0001f1e7,\U0001f1e7,False
448,flag-_belarus,\U0001f1e7\U0001f1fe,\U0001f1e7,False
449,flag-_belgium,\U0001f1e7\U0001f1ea,\U0001f1e7,False
450,flag-_belize,\U0001f1e7\U0001f1ff,\U0001f1e7,False
451,flag-_benin,\U0001f1e7\U0001f1ef,\U0001f1e7,False
452,flag-_bermuda,\U0001f1e7\U0001f1f2,\U0001f1e7,False
453,flag-_bhutan,\U0001f1e7\U0001f1f9,\U0001f1e7,False
454,flag-_bolivia,\U0001f1e7\U0001f1f4,\U0001f1e7,False
455,flag-_bosnia_&_herzegovina,\U0001f1e7\U0001f1e6,\U0001f1e7,False
456,flag-_botswana,\U0001f1e7\U0001f1fc,\U0001f1e7,False
457,flag-_brazil,\U0001f1e7\U0001f1f7,\U0001f1e7,False
458,flag-_british_virgin_islands,\U0001f1fb\U0001f1ec,\U0001f1fb,False
459,flag-_brunei,\U0001f1e7\U0001f1f3,\U0001f1e7,False
460,flag-_bulgaria,\U0001f1e7\U0001f1ec,\U0001f1e7,False
461,flag-_burkina_faso,\U0001f1e7\U0001f1eb,\U0001f1e7,False
462,flag-_cambodia,\U0001f1f0\U0001f1ed,\U0001f1f0,False
463,flag-_cameroon,\U0001f1e8\U0001f1f2,\U0001f1e8,False
464,flag-_canada,\U0001f1e8\U0001f1e6,\U0001f1e8,False
465,flag-_canary_islands,\U0001f1ee\U0001f1e8,\U0001f1ee,False
466,flag-_cape_verde,\U0001f1e8\U0001f1fb,\U0001f1e8,False
467,flag-_caribbean_netherlands,\U0001f1e7\U0001f1f6,\U0001f1e7,False
468,flag-_cayman_islands,\U0001f1f0\U0001f1fe,\U0001f1f0,False
469,flag-_central_african_republic,\U0001f1e8\U0001f1eb,\U0001f1e8,False
470,flag-_ceuta_&_melilla,\U0001f1ea\U0001f1e6,\U0001f1ea,False
471,flag-_chad,\U0001f1f9\U0001f1e9,\U0001f1f9,False
472,flag-_chile,\U0001f1e8\U0001f1f1,\U0001f1e8,False
473,flag-_christmas_island,\U0001f1e8\U0001f1fd,\U0001f1e8,False
474,flag-_clipperton_island,\U0001f1e8\U0001f1f5,\U0001f1e8,False
475,flag-_colombia,\U0001f1e8\U0001f1f4,\U0001f1e8,False
476,flag-_comoros,\U0001f1f0\U0001f1f2,\U0001f1f0,False
477,flag-_congo_-_brazzaville,\U0001f1e8\U0001f1ec,\U0001f1e8,False
478,flag-_congo_-_kinshasa,\U0001f1e8\U0001f1e9,\U0001f1e8,False
479,flag-_cook_islands,\U0001f1e8\U0001f1f0,\U0001f1e8,False
480,flag-_costa_rica,\U0001f1e8\U0001f1f7,\U0001f1e8,False
481,flag-_côte_divoire,\U0001f1e8\U0001f1ee,\U0001f1e8,False
482,flag-_croatia,\U0001f1ed\U0001f1f7,\U0001f1ed,False
483,flag-_cuba,\U0001f1e8\U0001f1fa,\U0001f1e8,False
484,flag-_curaçao,\U0001f1e8\U0001f1fc,\U0001f1e8,False
485,flag-_cyprus,\U0001f1e8\U0001f1fe,\U0001f1e8,False
486,flag-_czechia,\U0001f1e8\U0001f1ff,\U0001f1e8,False
487,flag-_denmark,\U0001f1e9\U0001f1f0,\U0001f1e9,False
488,flag-_diego_garcia,\U0001f1e9\U0001f1ec,\U0001f1e9,False
489,flag-_djibouti,\U0001f1e9\U0001f1ef,\U0001f1e9,False
490,flag-_dominica,\U0001f1e9\U0001f1f2,\U0001f1e9,False
491,flag-_dominican_republic,\U0001f1e9\U0001f1f4,\U0001f1e9,False
492,flag-_ecuador,\U0001f1ea\U0001f1e8,\U0001f1ea,False
493,flag-_el_salvador,\U0001f1f8\U0001f1fb,\U0001f1f8,False
494,flag-_england,\U0001f3f4\U000e0067\U000e0062\U000e0065\U000e006e\U000e0067\U000e007f,\U0001f3f4,False
495,flag-_equatorial_guinea,\U0001f1ec\U0001f1f6,\U0001f1ec,False
496,flag-_eritrea,\U0001f1ea\U0001f1f7,\U0001f1ea,False
497,flag-_estonia,\U0001f1ea\U0001f1ea,\U0001f1ea,False
498,flag-_eswatini,\U0001f1f8\U0001f1ff,\U0001f1f8,False
499,flag-_ethiopia,\U0001f1ea\U0001f1f9,\U0001f1ea,False
500,flag-_european_union,\U0001f1ea\U0001f1fa,\U0001f1ea,False
501,flag-_falkland_islands,\U0001f1eb\U0001f1f0,\U0001f1eb,False
502,flag-_faroe_islands,\U0001f1eb\U0001f1f4,\U0001f1eb,False
503,flag-_fiji,\U0001f1eb\U0001f1ef,\U0001f1eb,False
504,flag-_finland,\U0001f1eb\U0001f1ee,\U0001f1eb,False
505,flag-_france,\U0001f1eb\U0001f1f7,\U0001f1eb,False
506,flag-_french_guiana,\U0001f1ec\U0001f1eb,\U0001f1ec,False
507,flag-_french_polynesia,\U0001f1f5\U0001f1eb,\U0001f1f5,False
508,flag-_french_southern_territories,\U0001f1f9\U0001f1eb,\U0001f1f9,False
509,flag-_gabon,\U0001f1ec\U0001f1e6,\U0001f1ec,False
510,flag-_gambia,\U0001f1ec\U0001f1f2,\U0001f1ec,False
511,flag-_georgia,\U0001f1ec\U0001f1ea,\U0001f1ec,False
512,flag-_germany,\U0001f1e9\U0001f1ea,\U0001f1e9,False
513,flag-_ghana,\U0001f1ec\U0001f1ed,\U0001f1ec,False
514,flag-_gibraltar,\U0001f1ec\U0001f1ee,\U0001f1ec,False
515,flag-_greece,\U0001f1ec\U0001f1f7,\U0001f1ec,False
516,flag-_greenland,\U0001f1ec\U0001f1f1,\U0001f1ec,False
517,flag-_grenada,\U0001f1ec\U0001f1e9,\U0001f1ec,False
518,flag-_guadeloupe,\U0001f1ec\U0001f1f5,\U0001f1ec,False
519,flag-_guam,\U0001f1ec\U0001f1fa,\U0001f1ec,False
520,flag-_guatemala,\U0001f1ec\U0001f1f9,\U0001f1ec,False
521,flag-_guernsey,\U0001f1ec\U0001f1ec,\U0001f1ec,False
522,flag-_guinea,\U0001f1ec\U0001f1f3,\U0001f1ec,False
523,flag-_guinea-bissau,\U0001f1ec\U0001f1fc,\U0001f1ec,False
524,flag-_guyana,\U0001f1ec\U0001f1fe,\U0001f1ec,False
525,flag-_haiti,\U0001f1ed\U0001f1f9,\U0001f1ed,False
526,flag-_heard_&_mcdonald_islands,\U0001f1ed\U0001f1f2,\U0001f1ed,False
527,flag-_honduras,\U0001f1ed\U0001f1f3,\U0001f1ed,False
528,flag-_hong_kong_sar_china,\U0001f1ed\U0001f1f0,\U0001f1ed,False
529,flag-_hungary,\U0001f1ed\U0001f1fa,\U0001f1ed,False
530,flag-_iceland,\U0001f1ee\U0001f1f8,\U0001f1ee,False
531,flag-_india,\U0001f1ee\U0001f1f3,\U0001f1ee,False
532,flag-_indonesia,\U0001f1ee\U0001f1e9,\U0001f1ee,False
533,flag-_iran,\U0001f1ee\U0001f1f7,\U0001f1ee,False
534,flag-_iraq,\U0001f1ee\U0001f1f6,\U0001f1ee,False
535,flag-_ireland,\U0001f1ee\U0001f1ea,\U0001f1ee,False
536,flag-_israel,\U0001f1ee\U0001f1f1,\U0001f1ee,False
537,flag-_italy,\U0001f1ee\U0001f1f9,\U0001f1ee,False
538,flag-_jamaica,\U0001f1ef\U0001f1f2,\U0001f1ef,False
539,flag-_japan,\U0001f1ef\U0001f1f5,\U0001f1ef,False
540,flag-_jersey,\U0001f1ef\U0001f1ea,\U0001f1ef,False
541,flag-_jordan,\U0001f1ef\U0001f1f4,\U0001f1ef,False
542,flag-_kazakhstan,\U0001f1f0\U0001f1ff,\U0001f1f0,False
543,flag-_kenya,\U0001f1f0\U0001f1ea,\U0001f1f0,False
544,flag-_kiribati,\U0001f1f0\U0001f1ee,\U0001f1f0,False
545,flag-_kosovo,\U0001f1fd\U0001f1f0,\U0001f1fd,False
546,flag-_kuwait,\U0001f1f0\U0001f1fc,\U0001f1f0,False
547,flag-_kyrgyzstan,\U0001f1f0\U0001f1ec,\U0001f1f0,False
548,flag-_laos,\U0001f1f1\U0001f1e6,\U0001f1f1,False
549,flag-_latvia,\U0001f1f1\U0001f1fb,\U0001f1f1,False
550,flag-_lebanon,\U0001f1f1\U0001f1e7,\U0001f1f1,False
551,flag-_lesotho,\U0001f1f1\U0001f1f8,\U0001f1f1,False
552,flag-_liberia,\U0001f1f1\U0001f1f7,\U0001f1f1,False
553,flag-_libya,\U0001f1f1\U0001f1fe,\U0001f1f1,False
554,flag-_liechtenstein,\U0001f1f1\U0001f1ee,\U0001f1f1,False
555,flag-_lithuania,\U0001f1f1\U0001f1f9,\U0001f1f1,False
556,flag-_luxembourg,\U0001f1f1\U0001f1fa,\U0001f1f1,False
557,flag-_macao_sar_china,\U0001f1f2\U0001f1f4,\U0001f1f2,False
558,flag-_madagascar,\U0001f1f2\U0001f1ec,\U0001f1f2,False
559,flag-_malawi,\U0001f1f2\U0001f1fc,\U0001f1f2,False
560,flag-_malaysia,\U0001f1f2\U0001f1fe,\U0001f1f2,False
561,flag-_maldives,\U0001f1f2\U0001f1fb,\U0001f1f2,False
562,flag-_mali,\U0001f1f2\U0001f1f1,\U0001f1f2,False
563,flag-_malta,\U0001f1f2\U0001f1f9,\U0001f1f2,False
564,flag-_marshall_islands,\U0001f1f2\U0001f1ed,\U0001f1f2,False
565,flag-_martinique,\U0001f1f2\U0001f1f6,\U0001f1f2,False
566,flag-_mauritania,\U0001f1f2\U0001f1f7,\U0001f1f2,False
567,flag-_mauritius,\U0001f1f2\U0001f1fa,\U0001f1f2,False
568,flag-_mayotte,\U0001f1fe\U0001f1f9,\U0001f1fe,False
569,flag-_mexico,\U0001f1f2\U0001f1fd,\U0001f1f2,False
570,flag-_micronesia,\U0001f1eb\U0001f1f2,\U0001f1eb,False
571,flag-_moldova,\U0001f1f2\U0001f1e9,\U0001f1f2,False
572,flag-_monaco,\U0001f1f2\U0001f1e8,\U0001f1f2,False
573,flag-_mongolia,\U0001f1f2\U0001f1f3,\U0001f1f2,False
574,flag-_montenegro,\U0001f1f2\U0001f1ea,\U0001f1f2,False
575,flag-_montserrat,\U0001f1f2\U0001f1f8,\U0001f1f2,False
576,flag-_morocco,\U0001f1f2\U0001f1e6,\U0001f1f2,False
577,flag-_mozambique,\U0001f1f2\U0001f1ff,\U0001f1f2,False
578,flag-_myanmar_(burma),\U0001f1f2\U0001f1f2,\U0001f1f2,False
579,flag-_namibia,\U0001f1f3\U0001f1e6,\U0001f1f3,False
580,flag-_nauru,\U0001f1f3\U0001f1f7,\U0001f1f3,False
581,flag-_nepal,\U0001f1f3\U0001f1f5,\U0001f1f3,False
582,flag-_netherlands,\U0001f1f3\U0001f1f1,\U0001f1f3,False
583,flag-_new_caledonia,\U0001f1f3\U0001f1e8,\U0001f1f3,False
584,flag-_new_zealand,\U0001f1f3\U0001f1ff,\U0001f1f3,False
585,flag-_nicaragua,\U0001f1f3\U0001f1ee,\U0001f1f3,False
586,flag-_niger,\U0001f1f3\U0001f1ea,\U0001f1f3,False
587,flag-_nigeria,\U0001f1f3\U0001f1ec,\U0001f1f3,False
588,flag-_niue,\U0001f1f3\U0001f1fa,\U0001f1f3,False
589,flag-_norfolk_island,\U0001f1f3\U0001f1eb,\U0001f1f3,False
590,flag-_north_korea,\U0001f1f0\U0001f1f5,\U0001f1f0,False
591,flag-_north_macedonia,\U0001f1f2\U0001f1f0,\U0001f1f2,False
592,flag-_northern_mariana_islands,\U0001f1f2\U0001f1f5,\U0001f1f2,False
593,flag-_norway,\U0001f1f3\U0001f1f4,\U0001f1f3,False
594,flag-_oman,\U0001f1f4\U0001f1f2,\U0001f1f4,False
595,flag-_pakistan,\U0001f1f5\U0001f1f0,\U0001f1f5,False
596,flag-_palau,\U0001f1f5\U0001f1fc,\U0001f1f5,False
597,flag-_palestinian_territories,\U0001f1f5\U0001f1f8,\U0001f1f5,False
598,flag-_papua_new_guinea,\U0001f1f5\U0001f1ec,\U0001f1f5,False
599,flag-_paraguay,\U0001f1f5\U0001f1fe,\U0001f1f5,False
600,flag-_peru,\U0001f1f5\U0001f1ea,\U0001f1f5,False
601,flag-_philippines,\U0001f1f5\U0001f1ed,\U0001f1f5,False
602,flag-_pitcairn_islands,\U0001f1f5\U0001f1f3,\U0001f1f5,False
603,flag-_poland,\U0001f1f5\U0001f1f1,\U0001f1f5,False
604,flag-_portugal,\U0001f1f5\U0001f1f9,\U0001f1f5,False
605,flag-_puerto_rico,\U0001f1f5\U0001f1f7,\U0001f1f5,False
606,flag-_qatar,\U0001f1f6\U0001f1e6,\U0001f1f6,False
607,flag-_réunion,\U0001f1f7\U0001f1ea,\U0001f1f7,False
608,flag-_romania,\U0001f1f7\U0001f1f4,\U0001f1f7,False
609,flag-_russia,\U0001f1f7\U0001f1fa,\U0001f1f7,False
610,flag-_rwanda,\U0001f1f7\U0001f1fc,\U0001f1f7,False
611,flag-_samoa,\U0001f1fc\U0001f1f8,\U0001f1fc,False
612,flag-_san_marino,\U0001f1f8\U0001f1f2,\U0001f1f8,False
613,flag-_saudi_arabia,\U0001f1f8\U0001f1e6,\U0001f1f8,False
614,flag-_são_tomé_&_príncipe,\U0001f1f8\U0001f1f9,\U0001f1f8,False
615,flag-_scotland,\U0001f3f4\U000e0067\U000e0062\U000e0073\U000e0063\U000e0074\U000e007f,\U0001f3f4,False
616,flag-_senegal,\U0001f1f8\U0001f1f3,\U0001f1f8,False
617,flag-_serbia,\U0001f1f7\U0001f1f8,\U0001f1f7,False
618,flag-_seychelles,\U0001f1f8\U0001f1e8,\U0001f1f8,False
619,flag-_sierra_leone,\U0001f1f8\U0001f1f1,\U0001f1f8,False
620,flag-_singapore,\U0001f1f8\U0001f1ec,\U0001f1f8,False
621,flag-_sint_maarten,\U0001f1f8\U0001f1fd,\U0001f1f8,False
622,flag-_slovenia,\U0001f1f8\U0001f1ee,\U0001f1f8,False
623,flag-_solomon_islands,\U0001f1f8\U0001f1e7,\U0001f1f8,False
624,flag-_somalia,\U0001f1f8\U0001f1f4,\U0001f1f8,False
625,flag-_south_africa,\U0001f1ff\U0001f1e6,\U0001f1ff,False
626,flag-_south_georgia_&_south_sandwich_islands,\U0001f1ec\U0001f1f8,\U0001f1ec,False
627,flag-_south_korea,\U0001f1f0\U0001f1f7,\U0001f1f0,False
628,flag-_south_sudan,\U0001f1f8\U0001f1f8,\U0001f1f8,False
629,flag-_spain,\U0001f1ea\U0001f1f8,\U0001f1ea,False
630,flag-_sri_lanka,\U0001f1f1\U0001f1f0,\U0001f1f1,False
631,flag-_st_barthélemy,\U0001f1e7\U0001f1f1,\U0001f1e7,False
632,flag-_st_helena,\U0001f1f8\U0001f1ed,\U0001f1f8,False
633,flag-_st_kitts_&_nevis,\U0001f1f0\U0001f1f3,\U0001f1f0,False
634,flag-_st_lucia,\U0001f1f1\U0001f1e8,\U0001f1f1,False
635,flag-_st_martin,\U0001f1f2\U0001f1eb,\U0001f1f2,False
636,flag-_st_pierre_&_miquelon,\U0001f1f5\U0001f1f2,\U0001f1f5,False
637,flag-_st_vincent_&_grenadines,\U0001f1fb\U0001f1e8,\U0001f1fb,False
638,flag-_sudan,\U0001f1f8\U0001f1e9,\U0001f1f8,False
639,flag-_suriname,\U0001f1f8\U0001f1f7,\U0001f1f8,False
640,flag-_svalbard_&_jan_mayen,\U0001f1f8\U0001f1ef,\U0001f1f8,False
641,flag-_sweden,\U0001f1f8\U0001f1ea,\U0001f1f8,False
642,flag-_switzerland,\U0001f1e8\U0001f1ed,\U0001f1e8,False
643,flag-_syria,\U0001f1f8\U0001f1fe,\U0001f1f8,False
644,flag-_taiwan,\U0001f1f9\U0001f1fc,\U0001f1f9,False
645,flag-_tajikistan,\U0001f1f9\U0001f1ef,\U0001f1f9,False
646,flag-_tanzania,\U0001f1f9\U0001f1ff,\U0001f1f9,False
647,flag-_thailand,\U0001f1f9\U0001f1ed,\U0001f1f9,False
648,flag-_togo,\U0001f1f9\U0001f1ec,\U0001f1f9,False
649,flag-_tonga,\U0001f1f9\U0001f1f4,\U0001f1f9,False
650,flag-_trinidad_&_tobago,\U0001f1f9\U0001f1f9,\U0001f1f9,False
651,flag-_tristan_da_cunha,\U0001f1f9\U0001f1e6,\U0001f1f9,False
652,flag-_tunisia,\U0001f1f9\U0001f1f3,\U0001f1f9,False
653,flag-_turkey,\U0001f1f9\U0001f1f7,\U0001f1f9,False
654,flag-_turkmenistan,\U0001f1f9\U0001f1f2,\U0001f1f9,False
655,flag-_turks_&_caicos_islands,\U0001f1f9\U0001f1e8,\U0001f1f9,False
656,flag-_tuvalu,\U0001f1f9\U0001f1fb,\U0001f1f9,False
657,flag-_uganda,\U0001f1fa\U0001f1ec,\U0001f1fa,False
658,flag-_ukraine,\U0001f1fa\U0001f1e6,\U0001f1fa,False
659,flag-_united_arab_emirates,\U0001f1e6\U0001f1ea,\U0001f1e6,False
660,flag-_united_kingdom,\U0001f1ec\U0001f1e7,\U0001f1ec,False
661,flag-_united_nations,\U0001f1fa\U0001f1f3,\U0001f1fa,False
662,flag-_united_states,\U0001f1fa\U0001f1f8,\U0001f1fa,False
663,flag-_uruguay,\U0001f1fa\U0001f1fe,\U0001f1fa,False
664,flag-_us_outlying_islands,\U0001f1fa\U0001f1f2,\U0001f1fa,False
665,flag-_us_virgin_islands,\U0001f1fb\U0001f1ee,\U0001f1fb,False
666,flag-_uzbekistan,\U0001f1fa\U0001f1ff,\U0001f1fa,False
667,flag-_vanuatu,\U0001f1fb\U0001f1fa,\U0001f1fb,False
668,flag-_vatican_city,\U0001f1fb\U0001f1e6,\U0001f1fb,False
669,flag-_venezuela,\U0001f1fb\U0001f1ea,\U0001f1fb,False
670,flag-_vietnam,\U0001f1fb\U0001f1f3,\U0001f1fb,False
671,flag-_wales,\U0001f3f4\U000e0067\U000e0062\U000e0077\U000e006c\U000e0073\U000e007f,\U0001f3f4,False
672,flag-_wallis_&_futuna,\U0001f1fc\U0001f1eb,\U0001f1fc,False
673,flag-_western_sahara,\U0001f1ea\U0001f1ed,\U0001f1ea,False
674,flag-_yemen,\U0001f1fe\U0001f1ea,\U0001f1fe,False
675,flag-_zambia,\U0001f1ff\U0001f1f2,\U0001f1ff,False
676,flag-_zimbabwe,\U0001f1ff\U0001f1fc,\U0001f1ff,False
677,flag_for_texas_(us-tx),\U0001f3f4\U000e0075\U000e0073\U000e0074\U000e0078\U000e007f,\U0001f3f4,False
678,flag_in_hole,\u26f3,\u26f3,False
679,flamingo,\U0001f9a9,\U0001f9a9,False
680,flashlight,\U0001f526,\U0001f526,False
681,flatbread,\U0001fad3,\U0001fad3,False
682,fleur-de-lis,\u269c\ufe0f,\u269c,False
683,floppy_disk,\U0001f4be,\U0001f4be,False
684,flower_playing_cards,\U0001f3b4,\U0001f3b4,False
685,fly,\U0001fab0,\U0001fab0,False
686,flying_disc,\U0001f94f,\U0001f94f,False
687,flying_saucer,\U0001f6f8,\U0001f6f8,False
688,fog,\U0001f32b\ufe0f,\U0001f32b,False
689,foggy,\U0001f301,\U0001f301,False
690,folded_hands,\U0001f64f,\U0001f64f,False
691,fondue,\U0001fad5,\U0001fad5,False
692,foot,\U0001f9b6,\U0001f9b6,False
693,footprints,\U0001f463,\U0001f463,False
694,fork_and_knife,\U0001f374,\U0001f374,False
695,fork_and_knife_with_plate,\U0001f37d\ufe0f,\U0001f37d,False
696,fortune_cookie,\U0001f960,\U0001f960,False
697,fountain,\u26f2,\u26f2,False
698,fountain_pen,\U0001f58b\ufe0f,\U0001f58b,False
699,four-thirty,\U0001f55f,\U0001f55f,False
700,four_leaf_clover,\U0001f340,\U0001f340,False
701,four_oclock,\U0001f553,\U0001f553,False
702,fox,\U0001f98a,\U0001f98a,False
703,framed_picture,\U0001f5bc\ufe0f,\U0001f5bc,False
704,free_button,\U0001f193,\U0001f193,False
705,french_fries,\U0001f35f,\U0001f35f,False
706,fried_shrimp,\U0001f364,\U0001f364,False
707,frog,\U0001f438,\U0001f438,False
708,front-facing_baby_chick,\U0001f425,\U0001f425,False
709,frowning_face,\u2639\ufe0f,\u2639,False
710,frowning_face_with_open_mouth,\U0001f626,\U0001f626,False
711,fuel_pump,\u26fd,\u26fd,False
712,full_moon,\U0001f315,\U0001f315,False
713,full_moon_face,\U0001f31d,\U0001f31d,False
714,funeral_urn,\u26b1\ufe0f,\u26b1,False
715,game_die,\U0001f3b2,\U0001f3b2,False
716,garlic,\U0001f9c4,\U0001f9c4,False
717,gear,\u2699\ufe0f,\u2699,False
718,gem_stone,\U0001f48e,\U0001f48e,False
719,gemini,\u264a,\u264a,False
720,genie,\U0001f9de,\U0001f9de,False
721,ghost,\U0001f47b,\U0001f47b,False
722,giraffe,\U0001f992,\U0001f992,False
723,girl,\U0001f467,\U0001f467,False
724,glass_of_milk,\U0001f95b,\U0001f95b,False
725,glasses,\U0001f453,\U0001f453,False
726,globe_showing_americas,\U0001f30e,\U0001f30e,False
727,globe_showing_asia-australia,\U0001f30f,\U0001f30f,False
728,globe_showing_europe-africa,\U0001f30d,\U0001f30d,False
729,globe_with_meridians,\U0001f310,\U0001f310,False
730,gloves,\U0001f9e4,\U0001f9e4,False
731,glowing_star,\U0001f31f,\U0001f31f,False
732,goal_net,\U0001f945,\U0001f945,False
733,goat,\U0001f410,\U0001f410,False
734,goblin,\U0001f47a,\U0001f47a,False
735,goggles,\U0001f97d,\U0001f97d,False
736,gorilla,\U0001f98d,\U0001f98d,False
737,graduation_cap,\U0001f393,\U0001f393,False
738,grapes,\U0001f347,\U0001f347,False
739,green_apple,\U0001f34f,\U0001f34f,False
740,green_book,\U0001f4d7,\U0001f4d7,False
741,green_circle,\U0001f7e2,\U0001f7e2,False
742,green_heart,\U0001f49a,\U0001f49a,False
743,green_salad,\U0001f957,\U0001f957,False
744,green_square,\U0001f7e9,\U0001f7e9,False
745,grimacing_face,\U0001f62c,\U0001f62c,False
746,grinning_cat,\U0001f63a,\U0001f63a,False
747,grinning_cat_with_smiling_eyes,\U0001f638,\U0001f638,False
748,grinning_face,\U0001f600,\U0001f600,False
749,grinning_face_with_big_eyes,\U0001f603,\U0001f603,False
750,grinning_face_with_smiling_eyes,\U0001f604,\U0001f604,False
751,grinning_face_with_sweat,\U0001f605,\U0001f605,False
752,grinning_squinting_face,\U0001f606,\U0001f606,False
753,growing_heart,\U0001f497,\U0001f497,False
754,guard,\U0001f482,\U0001f482,False
755,guide_dog,\U0001f9ae,\U0001f9ae,False
756,guitar,\U0001f3b8,\U0001f3b8,False
757,hamburger,\U0001f354,\U0001f354,False
758,hammer,\U0001f528,\U0001f528,False
759,hammer_and_pick,\u2692\ufe0f,\u2692,False
760,hammer_and_wrench,\U0001f6e0\ufe0f,\U0001f6e0,False
761,hamster,\U0001f439,\U0001f439,False
762,hand_with_fingers_splayed,\U0001f590\ufe0f,\U0001f590,False
763,handbag,\U0001f45c,\U0001f45c,False
764,handshake,\U0001f91d,\U0001f91d,False
765,hatching_chick,\U0001f423,\U0001f423,False
766,headphone,\U0001f3a7,\U0001f3a7,False
767,headstone,\U0001faa6,\U0001faa6,False
768,health_worker,\U0001f9d1\u200d\u2695\ufe0f,\U0001f9d1,False
769,hear-no-evil_monkey,\U0001f649,\U0001f649,False
770,heart_decoration,\U0001f49f,\U0001f49f,False
771,heart_exclamation,\u2763\ufe0f,\u2763,False
772,heart_on_fire,\u2764\ufe0f\u200d\U0001f525,\u2764,False
773,heart_suit,\u2665\ufe0f,\u2665,False
774,heart_with_arrow,\U0001f498,\U0001f498,False
775,heart_with_ribbon,\U0001f49d,\U0001f49d,False
776,heavy_dollar_sign,\U0001f4b2,\U0001f4b2,False
777,helicopter,\U0001f681,\U0001f681,False
778,herb,\U0001f33f,\U0001f33f,False
779,hibiscus,\U0001f33a,\U0001f33a,False
780,high-heeled_shoe,\U0001f460,\U0001f460,False
781,high-speed_train,\U0001f684,\U0001f684,False
782,high_voltage,\u26a1,\u26a1,False
783,hiking_boot,\U0001f97e,\U0001f97e,False
784,hindu_temple,\U0001f6d5,\U0001f6d5,False
785,hippopotamus,\U0001f99b,\U0001f99b,False
786,hole,\U0001f573\ufe0f,\U0001f573,False
787,hollow_red_circle,\u2b55,\u2b55,False
788,honey_pot,\U0001f36f,\U0001f36f,False
789,honeybee,\U0001f41d,\U0001f41d,False
790,hook,\U0001fa9d,\U0001fa9d,False
791,horse,\U0001f40e,\U0001f40e,False
792,horse_face,\U0001f434,\U0001f434,False
793,horse_racing,\U0001f3c7,\U0001f3c7,False
794,hospital,\U0001f3e5,\U0001f3e5,False
795,hot_beverage,\u2615,\u2615,False
796,hot_dog,\U0001f32d,\U0001f32d,False
797,hot_face,\U0001f975,\U0001f975,False
798,hot_pepper,\U0001f336\ufe0f,\U0001f336,False
799,hot_springs,\u2668\ufe0f,\u2668,False
800,hotel,\U0001f3e8,\U0001f3e8,False
801,hourglass_done,\u231b,\u231b,False
802,hourglass_not_done,\u23f3,\u23f3,False
803,house,\U0001f3e0,\U0001f3e0,False
804,house_with_garden,\U0001f3e1,\U0001f3e1,False
805,houses,\U0001f3d8\ufe0f,\U0001f3d8,False
806,hundred_points,\U0001f4af,\U0001f4af,False
807,hushed_face,\U0001f62f,\U0001f62f,False
808,hut,\U0001f6d6,\U0001f6d6,False
809,ice,\U0001f9ca,\U0001f9ca,False
810,ice_cream,\U0001f368,\U0001f368,False
811,ice_hockey,\U0001f3d2,\U0001f3d2,False
812,ice_skate,\u26f8\ufe0f,\u26f8,False
813,id_button,\U0001f194,\U0001f194,False
814,inbox_tray,\U0001f4e5,\U0001f4e5,False
815,incoming_envelope,\U0001f4e8,\U0001f4e8,False
816,index_pointing_up,\u261d\ufe0f,\u261d,False
817,infinity,\u267e\ufe0f,\u267e,False
818,information,\u2139\ufe0f,\u2139,False
819,input_latin_letters,\U0001f524,\U0001f524,False
820,input_latin_lowercase,\U0001f521,\U0001f521,False
821,input_latin_uppercase,\U0001f520,\U0001f520,False
822,input_numbers,\U0001f522,\U0001f522,False
823,input_symbols,\U0001f523,\U0001f523,False
824,jack-o-lantern,\U0001f383,\U0001f383,False
825,japanese_castle,\U0001f3ef,\U0001f3ef,False
826,japanese_dolls,\U0001f38e,\U0001f38e,False
827,japanese_post_office,\U0001f3e3,\U0001f3e3,False
828,japanese_symbol_for_beginner,\U0001f530,\U0001f530,False
829,japanese_“acceptable”_button,\U0001f251,\U0001f251,False
830,japanese_“application”_button,\U0001f238,\U0001f238,False
831,japanese_“bargain”_button,\U0001f250,\U0001f250,False
832,japanese_“congratulations”_button,\u3297\ufe0f,\u3297,False
833,japanese_“discount”_button,\U0001f239,\U0001f239,False
834,japanese_“free_of_charge”_button,\U0001f21a,\U0001f21a,False
835,japanese_“here”_button,\U0001f201,\U0001f201,False
836,japanese_“monthly_amount”_button,\U0001f237\ufe0f,\U0001f237,False
837,japanese_“no_vacancy”_button,\U0001f235,\U0001f235,False
838,japanese_“not_free_of_charge”_button,\U0001f236,\U0001f236,False
839,japanese_“open_for_business”_button,\U0001f23a,\U0001f23a,False
840,japanese_“passing_grade”_button,\U0001f234,\U0001f234,False
841,japanese_“prohibited”_button,\U0001f232,\U0001f232,False
842,japanese_“reserved”_button,\U0001f22f,\U0001f22f,False
843,japanese_“secret”_button,\u3299\ufe0f,\u3299,False
844,japanese_“service_charge”_button,\U0001f202\ufe0f,\U0001f202,False
845,japanese_“vacancy”_button,\U0001f233,\U0001f233,False
846,jeans,\U0001f456,\U0001f456,False
847,joker,\U0001f0cf,\U0001f0cf,False
848,joystick,\U0001f579\ufe0f,\U0001f579,False
849,judge,\U0001f9d1\u200d\u2696\ufe0f,\U0001f9d1,False
850,kaaba,\U0001f54b,\U0001f54b,False
851,kangaroo,\U0001f998,\U0001f998,False
852,key,\U0001f511,\U0001f511,False
853,keyboard,\u2328\ufe0f,\u2328,False
854,keycap-_10,\U0001f51f,\U0001f51f,False
855,keycap_asterisk,*\ufe0f\u20e3,\*,False
856,keycap_digit_eight,8\ufe0f\u20e3,\8,False
857,keycap_digit_five,5\ufe0f\u20e3,\5,False
858,keycap_digit_four,4\ufe0f\u20e3,\4,False
859,keycap_digit_nine,9\ufe0f\u20e3,\9,False
860,keycap_digit_one,1\ufe0f\u20e3,\1,False
861,keycap_digit_seven,7\ufe0f\u20e3,\7,False
862,keycap_digit_six,6\ufe0f\u20e3,\6,False
863,keycap_digit_three,3\ufe0f\u20e3,\3,False
864,keycap_digit_zero,0\ufe0f\u20e3,\0,False
865,keycap_number_sign,#\ufe0f\u20e3,\#,False
866,kick_scooter,\U0001f6f4,\U0001f6f4,False
867,kimono,\U0001f458,\U0001f458,False
868,kiss,\U0001f48f,\U0001f48f,False
869,"kiss-_man,_man",\U0001f468\u200d\u2764\ufe0f\u200d\U0001f48b\u200d\U0001f468,\U0001f468,False
870,"kiss-_woman,_man",\U0001f469\u200d\u2764\ufe0f\u200d\U0001f48b\u200d\U0001f468,\U0001f469,False
871,"kiss-_woman,_woman",\U0001f469\u200d\u2764\ufe0f\u200d\U0001f48b\u200d\U0001f469,\U0001f469,False
872,kiss_mark,\U0001f48b,\U0001f48b,False
873,kissing_cat,\U0001f63d,\U0001f63d,False
874,kissing_face,\U0001f617,\U0001f617,False
875,kissing_face_with_closed_eyes,\U0001f61a,\U0001f61a,False
876,kissing_face_with_smiling_eyes,\U0001f619,\U0001f619,False
877,kitchen_knife,\U0001f52a,\U0001f52a,False
878,kite,\U0001fa81,\U0001fa81,False
879,kiwi_fruit,\U0001f95d,\U0001f95d,False
880,knot,\U0001faa2,\U0001faa2,False
881,koala,\U0001f428,\U0001f428,False
882,lab_coat,\U0001f97c,\U0001f97c,False
883,label,\U0001f3f7\ufe0f,\U0001f3f7,False
884,lacrosse,\U0001f94d,\U0001f94d,False
885,ladder,\U0001fa9c,\U0001fa9c,False
886,lady_beetle,\U0001f41e,\U0001f41e,False
887,laptop,\U0001f4bb,\U0001f4bb,False
888,large_blue_diamond,\U0001f537,\U0001f537,False
889,large_orange_diamond,\U0001f536,\U0001f536,False
890,last_quarter_moon_face,\U0001f31c,\U0001f31c,False
891,last_track_button,\u23ee\ufe0f,\u23ee,False
892,latin_cross,\u271d\ufe0f,\u271d,False
893,leaf_fluttering_in_wind,\U0001f343,\U0001f343,False
894,leafy_green,\U0001f96c,\U0001f96c,False
895,ledger,\U0001f4d2,\U0001f4d2,False
896,left-facing_fist,\U0001f91b,\U0001f91b,False
897,left-right_arrow,\u2194\ufe0f,\u2194,False
898,left_arrow,\u2b05\ufe0f,\u2b05,False
899,left_arrow_curving_right,\u21aa\ufe0f,\u21aa,False
900,left_speech_bubble,\U0001f5e8\ufe0f,\U0001f5e8,False
901,leg,\U0001f9b5,\U0001f9b5,False
902,lemon,\U0001f34b,\U0001f34b,False
903,leo,\u264c,\u264c,False
904,leopard,\U0001f406,\U0001f406,False
905,level_slider,\U0001f39a\ufe0f,\U0001f39a,False
906,libra,\u264e,\u264e,False
907,light_bulb,\U0001f4a1,\U0001f4a1,False
908,light_rail,\U0001f688,\U0001f688,False
909,link,\U0001f517,\U0001f517,False
910,linked_paperclips,\U0001f587\ufe0f,\U0001f587,False
911,lion,\U0001f981,\U0001f981,False
912,litter_in_bin_sign,\U0001f6ae,\U0001f6ae,False
913,lizard,\U0001f98e,\U0001f98e,False
914,llama,\U0001f999,\U0001f999,False
915,lobster,\U0001f99e,\U0001f99e,False
916,locked,\U0001f512,\U0001f512,False
917,locked_with_key,\U0001f510,\U0001f510,False
918,locked_with_pen,\U0001f50f,\U0001f50f,False
919,locomotive,\U0001f682,\U0001f682,False
920,lollipop,\U0001f36d,\U0001f36d,False
921,long_drum,\U0001fa98,\U0001fa98,False
922,lotion_bottle,\U0001f9f4,\U0001f9f4,False
923,loudly_crying_face,\U0001f62d,\U0001f62d,False
924,loudspeaker,\U0001f4e2,\U0001f4e2,False
925,love-you_gesture,\U0001f91f,\U0001f91f,False
926,love_hotel,\U0001f3e9,\U0001f3e9,False
927,love_letter,\U0001f48c,\U0001f48c,False
928,luggage,\U0001f9f3,\U0001f9f3,False
929,lungs,\U0001fac1,\U0001fac1,False
930,magic_wand,\U0001fa84,\U0001fa84,False
931,magnet,\U0001f9f2,\U0001f9f2,False
932,magnifying_glass_tilted_left,\U0001f50d,\U0001f50d,False
933,magnifying_glass_tilted_right,\U0001f50e,\U0001f50e,False
934,mahjong_red_dragon,\U0001f004,\U0001f004,False
935,mammoth,\U0001f9a3,\U0001f9a3,False
936,man,\U0001f468,\U0001f468,False
937,man-_bald,\U0001f468\u200d\U0001f9b2,\U0001f468,False
938,man-_blond_hair,\U0001f471\u200d\u2642\ufe0f,\U0001f471,False
939,man-_curly_hair,\U0001f468\u200d\U0001f9b1,\U0001f468,False
940,man-_red_hair,\U0001f468\u200d\U0001f9b0,\U0001f468,False
941,man-_white_hair,\U0001f468\u200d\U0001f9b3,\U0001f468,False
942,man_artist,\U0001f468\u200d\U0001f3a8,\U0001f468,False
943,man_astronaut,\U0001f468\u200d\U0001f680,\U0001f468,False
944,man_biking,\U0001f6b4\u200d\u2642\ufe0f,\U0001f6b4,False
945,man_bouncing_ball,\u26f9\ufe0f\u200d\u2642\ufe0f,\u26f9,False
946,man_bowing,\U0001f647\u200d\u2642\ufe0f,\U0001f647,False
947,man_cartwheeling,\U0001f938\u200d\u2642\ufe0f,\U0001f938,False
948,man_climbing,\U0001f9d7\u200d\u2642\ufe0f,\U0001f9d7,False
949,man_construction_worker,\U0001f477\u200d\u2642\ufe0f,\U0001f477,False
950,man_cook,\U0001f468\u200d\U0001f373,\U0001f468,False
951,man_dancing,\U0001f57a,\U0001f57a,False
952,man_detective,\U0001f575\ufe0f\u200d\u2642\ufe0f,\U0001f575,False
953,man_elf,\U0001f9dd\u200d\u2642\ufe0f,\U0001f9dd,False
954,man_facepalming,\U0001f926\u200d\u2642\ufe0f,\U0001f926,False
955,man_factory_worker,\U0001f468\u200d\U0001f3ed,\U0001f468,False
956,man_fairy,\U0001f9da\u200d\u2642\ufe0f,\U0001f9da,False
957,man_farmer,\U0001f468\u200d\U0001f33e,\U0001f468,False
958,man_feeding_baby,\U0001f468\u200d\U0001f37c,\U0001f468,False
959,man_firefighter,\U0001f468\u200d\U0001f692,\U0001f468,False
960,man_frowning,\U0001f64d\u200d\u2642\ufe0f,\U0001f64d,False
961,man_genie,\U0001f9de\u200d\u2642\ufe0f,\U0001f9de,False
962,man_gesturing_no,\U0001f645\u200d\u2642\ufe0f,\U0001f645,False
963,man_gesturing_ok,\U0001f646\u200d\u2642\ufe0f,\U0001f646,False
964,man_getting_haircut,\U0001f487\u200d\u2642\ufe0f,\U0001f487,False
965,man_getting_massage,\U0001f486\u200d\u2642\ufe0f,\U0001f486,False
966,man_golfing,\U0001f3cc\ufe0f\u200d\u2642\ufe0f,\U0001f3cc,False
967,man_guard,\U0001f482\u200d\u2642\ufe0f,\U0001f482,False
968,man_health_worker,\U0001f468\u200d\u2695\ufe0f,\U0001f468,False
969,man_in_lotus_position,\U0001f9d8\u200d\u2642\ufe0f,\U0001f9d8,False
970,man_in_manual_wheelchair,\U0001f468\u200d\U0001f9bd,\U0001f468,False
971,man_in_motorized_wheelchair,\U0001f468\u200d\U0001f9bc,\U0001f468,False
972,man_in_steamy_room,\U0001f9d6\u200d\u2642\ufe0f,\U0001f9d6,False
973,man_in_tuxedo,\U0001f935\u200d\u2642\ufe0f,\U0001f935,False
974,man_judge,\U0001f468\u200d\u2696\ufe0f,\U0001f468,False
975,man_juggling,\U0001f939\u200d\u2642\ufe0f,\U0001f939,False
976,man_kneeling,\U0001f9ce\u200d\u2642\ufe0f,\U0001f9ce,False
977,man_lifting_weights,\U0001f3cb\ufe0f\u200d\u2642\ufe0f,\U0001f3cb,False
978,man_mechanic,\U0001f468\u200d\U0001f527,\U0001f468,False
979,man_mountain_biking,\U0001f6b5\u200d\u2642\ufe0f,\U0001f6b5,False
980,man_office_worker,\U0001f468\u200d\U0001f4bc,\U0001f468,False
981,man_pilot,\U0001f468\u200d\u2708\ufe0f,\U0001f468,False
982,man_playing_handball,\U0001f93e\u200d\u2642\ufe0f,\U0001f93e,False
983,man_playing_water_polo,\U0001f93d\u200d\u2642\ufe0f,\U0001f93d,False
984,man_police_officer,\U0001f46e\u200d\u2642\ufe0f,\U0001f46e,False
985,man_pouting,\U0001f64e\u200d\u2642\ufe0f,\U0001f64e,False
986,man_raising_hand,\U0001f64b\u200d\u2642\ufe0f,\U0001f64b,False
987,man_rowing_boat,\U0001f6a3\u200d\u2642\ufe0f,\U0001f6a3,False
988,man_running,\U0001f3c3\u200d\u2642\ufe0f,\U0001f3c3,False
989,man_scientist,\U0001f468\u200d\U0001f52c,\U0001f468,False
990,man_shrugging,\U0001f937\u200d\u2642\ufe0f,\U0001f937,False
991,man_singer,\U0001f468\u200d\U0001f3a4,\U0001f468,False
992,man_standing,\U0001f9cd\u200d\u2642\ufe0f,\U0001f9cd,False
993,man_student,\U0001f468\u200d\U0001f393,\U0001f468,False
994,man_superhero,\U0001f9b8\u200d\u2642\ufe0f,\U0001f9b8,False
995,man_supervillain,\U0001f9b9\u200d\u2642\ufe0f,\U0001f9b9,False
996,man_surfing,\U0001f3c4\u200d\u2642\ufe0f,\U0001f3c4,False
997,man_swimming,\U0001f3ca\u200d\u2642\ufe0f,\U0001f3ca,False
998,man_teacher,\U0001f468\u200d\U0001f3eb,\U0001f468,False
999,man_technologist,\U0001f468\u200d\U0001f4bb,\U0001f468,False
1000,man_tipping_hand,\U0001f481\u200d\u2642\ufe0f,\U0001f481,False
1001,man_vampire,\U0001f9db\u200d\u2642\ufe0f,\U0001f9db,False
1002,man_walking,\U0001f6b6\u200d\u2642\ufe0f,\U0001f6b6,False
1003,man_wearing_turban,\U0001f473\u200d\u2642\ufe0f,\U0001f473,False
1004,man_with_veil,\U0001f470\u200d\u2642\ufe0f,\U0001f470,False
1005,man_with_white_cane,\U0001f468\u200d\U0001f9af,\U0001f468,False
1006,man_zombie,\U0001f9df\u200d\u2642\ufe0f,\U0001f9df,False
1007,mango,\U0001f96d,\U0001f96d,False
1008,mans_shoe,\U0001f45e,\U0001f45e,False
1009,mantelpiece_clock,\U0001f570\ufe0f,\U0001f570,False
1010,manual_wheelchair,\U0001f9bd,\U0001f9bd,False
1011,map_of_japan,\U0001f5fe,\U0001f5fe,False
1012,maple_leaf,\U0001f341,\U0001f341,False
1013,mate,\U0001f9c9,\U0001f9c9,False
1014,meat_on_bone,\U0001f356,\U0001f356,False
1015,mechanic,\U0001f9d1\u200d\U0001f527,\U0001f9d1,False
1016,mechanical_arm,\U0001f9be,\U0001f9be,False
1017,mechanical_leg,\U0001f9bf,\U0001f9bf,False
1018,megaphone,\U0001f4e3,\U0001f4e3,False
1019,melon,\U0001f348,\U0001f348,False
1020,memo,\U0001f4dd,\U0001f4dd,False
1021,men_holding_hands,\U0001f46c,\U0001f46c,False
1022,men_with_bunny_ears,\U0001f46f\u200d\u2642\ufe0f,\U0001f46f,False
1023,men_wrestling,\U0001f93c\u200d\u2642\ufe0f,\U0001f93c,False
1024,mending_heart,\u2764\ufe0f\u200d\U0001fa79,\u2764,False
1025,menorah,\U0001f54e,\U0001f54e,False
1026,mens_room,\U0001f6b9,\U0001f6b9,False
1027,mermaid,\U0001f9dc\u200d\u2640\ufe0f,\U0001f9dc,False
1028,merman,\U0001f9dc\u200d\u2642\ufe0f,\U0001f9dc,False
1029,merperson,\U0001f9dc,\U0001f9dc,False
1030,metro,\U0001f687,\U0001f687,False
1031,microbe,\U0001f9a0,\U0001f9a0,False
1032,microphone,\U0001f3a4,\U0001f3a4,False
1033,microscope,\U0001f52c,\U0001f52c,False
1034,middle_finger,\U0001f595,\U0001f595,False
1035,military_helmet,\U0001fa96,\U0001fa96,False
1036,military_medal,\U0001f396\ufe0f,\U0001f396,False
1037,milky_way,\U0001f30c,\U0001f30c,False
1038,minus,\u2796,\u2796,False
1039,mirror,\U0001fa9e,\U0001fa9e,False
1040,moai,\U0001f5ff,\U0001f5ff,False
1041,mobile_phone,\U0001f4f1,\U0001f4f1,False
1042,mobile_phone_off,\U0001f4f4,\U0001f4f4,False
1043,mobile_phone_with_arrow,\U0001f4f2,\U0001f4f2,False
1044,money-mouth_face,\U0001f911,\U0001f911,False
1045,money_bag,\U0001f4b0,\U0001f4b0,False
1046,money_with_wings,\U0001f4b8,\U0001f4b8,False
1047,monkey,\U0001f412,\U0001f412,False
1048,monkey_face,\U0001f435,\U0001f435,False
1049,moon_cake,\U0001f96e,\U0001f96e,False
1050,moon_viewing_ceremony,\U0001f391,\U0001f391,False
1051,mosque,\U0001f54c,\U0001f54c,False
1052,mosquito,\U0001f99f,\U0001f99f,False
1053,motor_boat,\U0001f6e5\ufe0f,\U0001f6e5,False
1054,motor_scooter,\U0001f6f5,\U0001f6f5,False
1055,motorcycle,\U0001f3cd\ufe0f,\U0001f3cd,False
1056,motorized_wheelchair,\U0001f9bc,\U0001f9bc,False
1057,motorway,\U0001f6e3\ufe0f,\U0001f6e3,False
1058,mount_fuji,\U0001f5fb,\U0001f5fb,False
1059,mountain,\u26f0\ufe0f,\u26f0,False
1060,mountain_cableway,\U0001f6a0,\U0001f6a0,False
1061,mountain_railway,\U0001f69e,\U0001f69e,False
1062,mouse,\U0001f401,\U0001f401,False
1063,mouse_face,\U0001f42d,\U0001f42d,False
1064,mouse_trap,\U0001faa4,\U0001faa4,False
1065,mouth,\U0001f444,\U0001f444,False
1066,mrs_claus,\U0001f936,\U0001f936,False
1067,multiply,\u2716\ufe0f,\u2716,False
1068,mushroom,\U0001f344,\U0001f344,False
1069,musical_keyboard,\U0001f3b9,\U0001f3b9,False
1070,musical_note,\U0001f3b5,\U0001f3b5,False
1071,musical_notes,\U0001f3b6,\U0001f3b6,False
1072,musical_score,\U0001f3bc,\U0001f3bc,False
1073,mx_claus,\U0001f9d1\u200d\U0001f384,\U0001f9d1,False
1074,nail_polish,\U0001f485,\U0001f485,False
1075,name_badge,\U0001f4db,\U0001f4db,False
1076,national_park,\U0001f3de\ufe0f,\U0001f3de,False
1077,nauseated_face,\U0001f922,\U0001f922,False
1078,nazar_amulet,\U0001f9ff,\U0001f9ff,False
1079,necktie,\U0001f454,\U0001f454,False
1080,nerd_face,\U0001f913,\U0001f913,False
1081,nesting_dolls,\U0001fa86,\U0001fa86,False
1082,neutral_face,\U0001f610,\U0001f610,False
1083,new_button,\U0001f195,\U0001f195,False
1084,new_moon,\U0001f311,\U0001f311,False
1085,new_moon_face,\U0001f31a,\U0001f31a,False
1086,newspaper,\U0001f4f0,\U0001f4f0,False
1087,next_track_button,\u23ed\ufe0f,\u23ed,False
1088,ng_button,\U0001f196,\U0001f196,False
1089,night_with_stars,\U0001f303,\U0001f303,False
1090,nine-thirty,\U0001f564,\U0001f564,False
1091,nine_oclock,\U0001f558,\U0001f558,False
1092,ninja,\U0001f977,\U0001f977,False
1093,no_bicycles,\U0001f6b3,\U0001f6b3,False
1094,no_entry,\u26d4,\u26d4,False
1095,no_littering,\U0001f6af,\U0001f6af,False
1096,no_one_under_eighteen,\U0001f51e,\U0001f51e,False
1097,no_pedestrians,\U0001f6b7,\U0001f6b7,False
1098,no_smoking,\U0001f6ad,\U0001f6ad,False
1099,non-potable_water,\U0001f6b1,\U0001f6b1,False
1100,nose,\U0001f443,\U0001f443,False
1101,notebook,\U0001f4d3,\U0001f4d3,False
1102,notebook_with_decorative_cover,\U0001f4d4,\U0001f4d4,False
1103,o_button_(blood_type),\U0001f17e\ufe0f,\U0001f17e,False
1104,octopus,\U0001f419,\U0001f419,False
1105,oden,\U0001f362,\U0001f362,False
1106,office_building,\U0001f3e2,\U0001f3e2,False
1107,office_worker,\U0001f9d1\u200d\U0001f4bc,\U0001f9d1,False
1108,ogre,\U0001f479,\U0001f479,False
1109,oil_drum,\U0001f6e2\ufe0f,\U0001f6e2,False
1110,ok_button,\U0001f197,\U0001f197,False
1111,ok_hand,\U0001f44c,\U0001f44c,False
1112,old_key,\U0001f5dd\ufe0f,\U0001f5dd,False
1113,old_man,\U0001f474,\U0001f474,False
1114,old_woman,\U0001f475,\U0001f475,False
1115,older_person,\U0001f9d3,\U0001f9d3,False
1116,olive,\U0001fad2,\U0001fad2,False
1117,om,\U0001f549\ufe0f,\U0001f549,False
1118,on!_arrow,\U0001f51b,\U0001f51b,False
1119,oncoming_automobile,\U0001f698,\U0001f698,False
1120,oncoming_bus,\U0001f68d,\U0001f68d,False
1121,oncoming_fist,\U0001f44a,\U0001f44a,False
1122,oncoming_police_car,\U0001f694,\U0001f694,False
1123,oncoming_taxi,\U0001f696,\U0001f696,False
1124,one-piece_swimsuit,\U0001fa71,\U0001fa71,False
1125,one_oclock,\U0001f550,\U0001f550,False
1126,onion,\U0001f9c5,\U0001f9c5,False
1127,open_book,\U0001f4d6,\U0001f4d6,False
1128,open_file_folder,\U0001f4c2,\U0001f4c2,False
1129,open_hands,\U0001f450,\U0001f450,False
1130,open_mailbox_with_lowered_flag,\U0001f4ed,\U0001f4ed,False
1131,open_mailbox_with_raised_flag,\U0001f4ec,\U0001f4ec,False
1132,ophiuchus,\u26ce,\u26ce,False
1133,optical_disk,\U0001f4bf,\U0001f4bf,False
1134,orange_book,\U0001f4d9,\U0001f4d9,False
1135,orange_circle,\U0001f7e0,\U0001f7e0,False
1136,orange_heart,\U0001f9e1,\U0001f9e1,False
1137,orange_square,\U0001f7e7,\U0001f7e7,False
1138,orangutan,\U0001f9a7,\U0001f9a7,False
1139,orthodox_cross,\u2626\ufe0f,\u2626,False
1140,otter,\U0001f9a6,\U0001f9a6,False
1141,owl,\U0001f989,\U0001f989,False
1142,ox,\U0001f402,\U0001f402,False
1143,oyster,\U0001f9aa,\U0001f9aa,False
1144,p_button,\U0001f17f\ufe0f,\U0001f17f,False
1145,package,\U0001f4e6,\U0001f4e6,False
1146,page_facing_up,\U0001f4c4,\U0001f4c4,False
1147,page_with_curl,\U0001f4c3,\U0001f4c3,False
1148,pager,\U0001f4df,\U0001f4df,False
1149,paintbrush,\U0001f58c\ufe0f,\U0001f58c,False
1150,palms_up_together,\U0001f932,\U0001f932,False
1151,pancakes,\U0001f95e,\U0001f95e,False
1152,panda,\U0001f43c,\U0001f43c,False
1153,paperclip,\U0001f4ce,\U0001f4ce,False
1154,parachute,\U0001fa82,\U0001fa82,False
1155,parrot,\U0001f99c,\U0001f99c,False
1156,part_alternation_mark,\u303d\ufe0f,\u303d,False
1157,party_popper,\U0001f389,\U0001f389,False
1158,partying_face,\U0001f973,\U0001f973,False
1159,passport_control,\U0001f6c2,\U0001f6c2,False
1160,pause_button,\u23f8\ufe0f,\u23f8,False
1161,paw_prints,\U0001f43e,\U0001f43e,False
1162,peace_symbol,\u262e\ufe0f,\u262e,False
1163,peach,\U0001f351,\U0001f351,False
1164,peacock,\U0001f99a,\U0001f99a,False
1165,peanuts,\U0001f95c,\U0001f95c,False
1166,pear,\U0001f350,\U0001f350,False
1167,pen,\U0001f58a\ufe0f,\U0001f58a,False
1168,pencil,\u270f\ufe0f,\u270f,False
1169,penguin,\U0001f427,\U0001f427,False
1170,pensive_face,\U0001f614,\U0001f614,False
1171,people_holding_hands,\U0001f9d1\u200d\U0001f91d\u200d\U0001f9d1,\U0001f9d1,False
1172,people_hugging,\U0001fac2,\U0001fac2,False
1173,people_with_bunny_ears,\U0001f46f,\U0001f46f,False
1174,people_wrestling,\U0001f93c,\U0001f93c,False
1175,performing_arts,\U0001f3ad,\U0001f3ad,False
1176,persevering_face,\U0001f623,\U0001f623,False
1177,person,\U0001f9d1,\U0001f9d1,False
1178,person-_bald,\U0001f9d1\u200d\U0001f9b2,\U0001f9d1,False
1179,person-_beard,\U0001f9d4,\U0001f9d4,False
1180,person-_blond_hair,\U0001f471,\U0001f471,False
1181,person-_curly_hair,\U0001f9d1\u200d\U0001f9b1,\U0001f9d1,False
1182,person-_red_hair,\U0001f9d1\u200d\U0001f9b0,\U0001f9d1,False
1183,person-_white_hair,\U0001f9d1\u200d\U0001f9b3,\U0001f9d1,False
1184,person_biking,\U0001f6b4,\U0001f6b4,False
1185,person_bouncing_ball,\u26f9\ufe0f,\u26f9,False
1186,person_bowing,\U0001f647,\U0001f647,False
1187,person_cartwheeling,\U0001f938,\U0001f938,False
1188,person_climbing,\U0001f9d7,\U0001f9d7,False
1189,person_facepalming,\U0001f926,\U0001f926,False
1190,person_feeding_baby,\U0001f9d1\u200d\U0001f37c,\U0001f9d1,False
1191,person_fencing,\U0001f93a,\U0001f93a,False
1192,person_frowning,\U0001f64d,\U0001f64d,False
1193,person_gesturing_no,\U0001f645,\U0001f645,False
1194,person_gesturing_ok,\U0001f646,\U0001f646,False
1195,person_getting_haircut,\U0001f487,\U0001f487,False
1196,person_getting_massage,\U0001f486,\U0001f486,False
1197,person_in_bed,\U0001f6cc,\U0001f6cc,False
1198,person_in_lotus_position,\U0001f9d8,\U0001f9d8,False
1199,person_in_motorized_wheelchair,\U0001f9d1\u200d\U0001f9bc,\U0001f9d1,False
1200,person_in_steamy_room,\U0001f9d6,\U0001f9d6,False
1201,person_in_suit_levitating,\U0001f574\ufe0f,\U0001f574,False
1202,person_in_tuxedo,\U0001f935,\U0001f935,False
1203,person_juggling,\U0001f939,\U0001f939,False
1204,person_kneeling,\U0001f9ce,\U0001f9ce,False
1205,person_lifting_weights,\U0001f3cb\ufe0f,\U0001f3cb,False
1206,person_mountain_biking,\U0001f6b5,\U0001f6b5,False
1207,person_playing_handball,\U0001f93e,\U0001f93e,False
1208,person_playing_water_polo,\U0001f93d,\U0001f93d,False
1209,person_pouting,\U0001f64e,\U0001f64e,False
1210,person_raising_hand,\U0001f64b,\U0001f64b,False
1211,person_rowing_boat,\U0001f6a3,\U0001f6a3,False
1212,person_running,\U0001f3c3,\U0001f3c3,False
1213,person_standing,\U0001f9cd,\U0001f9cd,False
1214,person_surfing,\U0001f3c4,\U0001f3c4,False
1215,person_swimming,\U0001f3ca,\U0001f3ca,False
1216,person_tipping_hand,\U0001f481,\U0001f481,False
1217,person_walking,\U0001f6b6,\U0001f6b6,False
1218,person_with_skullcap,\U0001f472,\U0001f472,False
1219,person_with_veil,\U0001f470,\U0001f470,False
1220,person_with_white_cane,\U0001f9d1\u200d\U0001f9af,\U0001f9d1,False
1221,petri_dish,\U0001f9eb,\U0001f9eb,False
1222,pick,\u26cf\ufe0f,\u26cf,False
1223,pickup_truck,\U0001f6fb,\U0001f6fb,False
1224,pie,\U0001f967,\U0001f967,False
1225,pig,\U0001f416,\U0001f416,False
1226,pig_face,\U0001f437,\U0001f437,False
1227,pig_nose,\U0001f43d,\U0001f43d,False
1228,pile_of_poo,\U0001f4a9,\U0001f4a9,False
1229,pill,\U0001f48a,\U0001f48a,False
1230,pilot,\U0001f9d1\u200d\u2708\ufe0f,\U0001f9d1,False
1231,pinched_fingers,\U0001f90c,\U0001f90c,False
1232,pinching_hand,\U0001f90f,\U0001f90f,False
1233,pine_decoration,\U0001f38d,\U0001f38d,False
1234,pineapple,\U0001f34d,\U0001f34d,False
1235,ping_pong,\U0001f3d3,\U0001f3d3,False
1236,piñata,\U0001fa85,\U0001fa85,False
1237,pirate_flag,\U0001f3f4\u200d\u2620\ufe0f,\U0001f3f4,False
1238,pisces,\u2653,\u2653,False
1239,pizza,\U0001f355,\U0001f355,False
1240,placard,\U0001faa7,\U0001faa7,False
1241,place_of_worship,\U0001f6d0,\U0001f6d0,False
1242,play_button,\u25b6\ufe0f,\u25b6,False
1243,play_or_pause_button,\u23ef\ufe0f,\u23ef,False
1244,pleading_face,\U0001f97a,\U0001f97a,False
1245,plunger,\U0001faa0,\U0001faa0,False
1246,plus,\u2795,\u2795,False
1247,polar_bear,\U0001f43b\u200d\u2744\ufe0f,\U0001f43b,False
1248,police_car,\U0001f693,\U0001f693,False
1249,police_car_light,\U0001f6a8,\U0001f6a8,False
1250,police_officer,\U0001f46e,\U0001f46e,False
1251,poodle,\U0001f429,\U0001f429,False
1252,popcorn,\U0001f37f,\U0001f37f,False
1253,post_office,\U0001f3e4,\U0001f3e4,False
1254,postal_horn,\U0001f4ef,\U0001f4ef,False
1255,postbox,\U0001f4ee,\U0001f4ee,False
1256,pot_of_food,\U0001f372,\U0001f372,False
1257,potato,\U0001f954,\U0001f954,False
1258,potted_plant,\U0001fab4,\U0001fab4,False
1259,poultry_leg,\U0001f357,\U0001f357,False
1260,pound_banknote,\U0001f4b7,\U0001f4b7,False
1261,pouting_cat,\U0001f63e,\U0001f63e,False
1262,prayer_beads,\U0001f4ff,\U0001f4ff,False
1263,pregnant_woman,\U0001f930,\U0001f930,False
1264,pretzel,\U0001f968,\U0001f968,False
1265,prince,\U0001f934,\U0001f934,False
1266,princess,\U0001f478,\U0001f478,False
1267,printer,\U0001f5a8\ufe0f,\U0001f5a8,False
1268,prohibited,\U0001f6ab,\U0001f6ab,False
1269,purple_circle,\U0001f7e3,\U0001f7e3,False
1270,purple_heart,\U0001f49c,\U0001f49c,False
1271,purple_square,\U0001f7ea,\U0001f7ea,False
1272,purse,\U0001f45b,\U0001f45b,False
1273,pushpin,\U0001f4cc,\U0001f4cc,False
1274,puzzle_piece,\U0001f9e9,\U0001f9e9,False
1275,rabbit,\U0001f407,\U0001f407,False
1276,rabbit_face,\U0001f430,\U0001f430,False
1277,raccoon,\U0001f99d,\U0001f99d,False
1278,racing_car,\U0001f3ce\ufe0f,\U0001f3ce,False
1279,radio,\U0001f4fb,\U0001f4fb,False
1280,radio_button,\U0001f518,\U0001f518,False
1281,radioactive,\u2622\ufe0f,\u2622,False
1282,railway_track,\U0001f6e4\ufe0f,\U0001f6e4,False
1283,rainbow,\U0001f308,\U0001f308,False
1284,rainbow_flag,\U0001f3f3\ufe0f\u200d\U0001f308,\U0001f3f3,False
1285,raised_back_of_hand,\U0001f91a,\U0001f91a,False
1286,raised_fist,\u270a,\u270a,False
1287,raised_hand,\u270b,\u270b,False
1288,ram,\U0001f40f,\U0001f40f,False
1289,rat,\U0001f400,\U0001f400,False
1290,razor,\U0001fa92,\U0001fa92,False
1291,record_button,\u23fa\ufe0f,\u23fa,False
1292,recycling_symbol,\u267b\ufe0f,\u267b,False
1293,red_apple,\U0001f34e,\U0001f34e,False
1294,red_circle,\U0001f534,\U0001f534,False
1295,red_envelope,\U0001f9e7,\U0001f9e7,False
1296,red_exclamation_mark,\u2757,\u2757,False
1297,red_heart,\u2764\ufe0f,\u2764,False
1298,red_paper_lantern,\U0001f3ee,\U0001f3ee,False
1299,red_question_mark,\u2753,\u2753,False
1300,red_square,\U0001f7e5,\U0001f7e5,False
1301,red_triangle_pointed_down,\U0001f53b,\U0001f53b,False
1302,red_triangle_pointed_up,\U0001f53a,\U0001f53a,False
1303,refugee_nation_flag,\U0001f3f3\u200d\U0001f7e7\u200d\u2b1b\u200d\U0001f7e7,\U0001f3f3,False
1304,registered,\xae\ufe0f,\xae,False
1305,relieved_face,\U0001f60c,\U0001f60c,False
1306,reminder_ribbon,\U0001f397\ufe0f,\U0001f397,False
1307,repeat_button,\U0001f501,\U0001f501,False
1308,repeat_single_button,\U0001f502,\U0001f502,False
1309,rescue_workers_helmet,\u26d1\ufe0f,\u26d1,False
1310,restroom,\U0001f6bb,\U0001f6bb,False
1311,reverse_button,\u25c0\ufe0f,\u25c0,False
1312,revolving_hearts,\U0001f49e,\U0001f49e,False
1313,rhinoceros,\U0001f98f,\U0001f98f,False
1314,ribbon,\U0001f380,\U0001f380,False
1315,rice_ball,\U0001f359,\U0001f359,False
1316,rice_cracker,\U0001f358,\U0001f358,False
1317,right-facing_fist,\U0001f91c,\U0001f91c,False
1318,right_anger_bubble,\U0001f5ef\ufe0f,\U0001f5ef,False
1319,right_arrow,\u27a1\ufe0f,\u27a1,False
1320,right_arrow_curving_down,\u2935\ufe0f,\u2935,False
1321,right_arrow_curving_left,\u21a9\ufe0f,\u21a9,False
1322,right_arrow_curving_up,\u2934\ufe0f,\u2934,False
1323,ring,\U0001f48d,\U0001f48d,False
1324,ringed_planet,\U0001fa90,\U0001fa90,False
1325,roasted_sweet_potato,\U0001f360,\U0001f360,False
1326,robot,\U0001f916,\U0001f916,False
1327,rock,\U0001faa8,\U0001faa8,False
1328,rocket,\U0001f680,\U0001f680,False
1329,roll_of_paper,\U0001f9fb,\U0001f9fb,False
1330,rolled-up_newspaper,\U0001f5de\ufe0f,\U0001f5de,False
1331,roller_coaster,\U0001f3a2,\U0001f3a2,False
1332,roller_skate,\U0001f6fc,\U0001f6fc,False
1333,rolling_on_the_floor_laughing,\U0001f923,\U0001f923,False
1334,rooster,\U0001f413,\U0001f413,False
1335,rose,\U0001f339,\U0001f339,False
1336,rosette,\U0001f3f5\ufe0f,\U0001f3f5,False
1337,round_pushpin,\U0001f4cd,\U0001f4cd,False
1338,rugby_football,\U0001f3c9,\U0001f3c9,False
1339,running_shirt,\U0001f3bd,\U0001f3bd,False
1340,running_shoe,\U0001f45f,\U0001f45f,False
1341,sad_but_relieved_face,\U0001f625,\U0001f625,False
1342,safety_vest,\U0001f9ba,\U0001f9ba,False
1343,sagittarius,\u2650,\u2650,False
1344,sailboat,\u26f5,\u26f5,False
1345,sake,\U0001f376,\U0001f376,False
1346,salt,\U0001f9c2,\U0001f9c2,False
1347,sandwich,\U0001f96a,\U0001f96a,False
1348,santa_claus,\U0001f385,\U0001f385,False
1349,sari,\U0001f97b,\U0001f97b,False
1350,satellite,\U0001f6f0\ufe0f,\U0001f6f0,False
1351,satellite_antenna,\U0001f4e1,\U0001f4e1,False
1352,saxophone,\U0001f3b7,\U0001f3b7,False
1353,scarf,\U0001f9e3,\U0001f9e3,False
1354,school,\U0001f3eb,\U0001f3eb,False
1355,scientist,\U0001f9d1\u200d\U0001f52c,\U0001f9d1,False
1356,scissors,\u2702\ufe0f,\u2702,False
1357,scorpio,\u264f,\u264f,False
1358,scorpion,\U0001f982,\U0001f982,False
1359,screwdriver,\U0001fa9b,\U0001fa9b,False
1360,scroll,\U0001f4dc,\U0001f4dc,False
1361,seal,\U0001f9ad,\U0001f9ad,False
1362,seat,\U0001f4ba,\U0001f4ba,False
1363,see-no-evil_monkey,\U0001f648,\U0001f648,False
1364,seedling,\U0001f331,\U0001f331,False
1365,selfie,\U0001f933,\U0001f933,False
1366,service_dog,\U0001f415\u200d\U0001f9ba,\U0001f415,False
1367,seven-thirty,\U0001f562,\U0001f562,False
1368,seven_oclock,\U0001f556,\U0001f556,False
1369,sewing_needle,\U0001faa1,\U0001faa1,False
1370,shallow_pan_of_food,\U0001f958,\U0001f958,False
1371,shamrock,\u2618\ufe0f,\u2618,False
1372,shark,\U0001f988,\U0001f988,False
1373,shaved_ice,\U0001f367,\U0001f367,False
1374,shield,\U0001f6e1\ufe0f,\U0001f6e1,False
1375,shinto_shrine,\u26e9\ufe0f,\u26e9,False
1376,ship,\U0001f6a2,\U0001f6a2,False
1377,shooting_star,\U0001f320,\U0001f320,False
1378,shopping_bags,\U0001f6cd\ufe0f,\U0001f6cd,False
1379,shopping_cart,\U0001f6d2,\U0001f6d2,False
1380,shortcake,\U0001f370,\U0001f370,False
1381,shorts,\U0001fa73,\U0001fa73,False
1382,shower,\U0001f6bf,\U0001f6bf,False
1383,shrimp,\U0001f990,\U0001f990,False
1384,shuffle_tracks_button,\U0001f500,\U0001f500,False
1385,shushing_face,\U0001f92b,\U0001f92b,False
1386,sign_of_the_horns,\U0001f918,\U0001f918,False
1387,singer,\U0001f9d1\u200d\U0001f3a4,\U0001f9d1,False
1388,six-thirty,\U0001f561,\U0001f561,False
1389,six_oclock,\U0001f555,\U0001f555,False
1390,skateboard,\U0001f6f9,\U0001f6f9,False
1391,skier,\u26f7\ufe0f,\u26f7,False
1392,skull,\U0001f480,\U0001f480,False
1393,skull_and_crossbones,\u2620\ufe0f,\u2620,False
1394,skunk,\U0001f9a8,\U0001f9a8,False
1395,sled,\U0001f6f7,\U0001f6f7,False
1396,sleeping_face,\U0001f634,\U0001f634,False
1397,sleepy_face,\U0001f62a,\U0001f62a,False
1398,slightly_frowning_face,\U0001f641,\U0001f641,False
1399,slightly_smiling_face,\U0001f642,\U0001f642,False
1400,slot_machine,\U0001f3b0,\U0001f3b0,False
1401,sloth,\U0001f9a5,\U0001f9a5,False
1402,small_airplane,\U0001f6e9\ufe0f,\U0001f6e9,False
1403,small_blue_diamond,\U0001f539,\U0001f539,False
1404,small_orange_diamond,\U0001f538,\U0001f538,False
1405,smiling_cat_with_heart-eyes,\U0001f63b,\U0001f63b,False
1406,smiling_face_with_halo,\U0001f607,\U0001f607,False
1407,smiling_face_with_heart-eyes,\U0001f60d,\U0001f60d,False
1408,smiling_face_with_horns,\U0001f608,\U0001f608,False
1409,smiling_face_with_open_hands,\U0001f917,\U0001f917,False
1410,smiling_face_with_smiling_eyes,\U0001f60a,\U0001f60a,False
1411,smiling_face_with_sunglasses,\U0001f60e,\U0001f60e,False
1412,smiling_face_with_tear,\U0001f972,\U0001f972,False
1413,smirking_face,\U0001f60f,\U0001f60f,False
1414,snail,\U0001f40c,\U0001f40c,False
1415,snake,\U0001f40d,\U0001f40d,False
1416,sneezing_face,\U0001f927,\U0001f927,False
1417,snow-capped_mountain,\U0001f3d4\ufe0f,\U0001f3d4,False
1418,snowboarder,\U0001f3c2,\U0001f3c2,False
1419,snowflake,\u2744\ufe0f,\u2744,False
1420,snowman,\u2603\ufe0f,\u2603,False
1421,snowman_without_snow,\u26c4,\u26c4,False
1422,soap,\U0001f9fc,\U0001f9fc,False
1423,soccer_ball,\u26bd,\u26bd,False
1424,socks,\U0001f9e6,\U0001f9e6,False
1425,soft_ice_cream,\U0001f366,\U0001f366,False
1426,softball,\U0001f94e,\U0001f94e,False
1427,sos_button,\U0001f198,\U0001f198,False
1428,spade_suit,\u2660\ufe0f,\u2660,False
1429,spaghetti,\U0001f35d,\U0001f35d,False
1430,sparkler,\U0001f387,\U0001f387,False
1431,sparkles,\u2728,\u2728,False
1432,speak-no-evil_monkey,\U0001f64a,\U0001f64a,False
1433,speaker_high_volume,\U0001f50a,\U0001f50a,False
1434,speaker_low_volume,\U0001f508,\U0001f508,False
1435,speaker_medium_volume,\U0001f509,\U0001f509,False
1436,speech_balloon,\U0001f4ac,\U0001f4ac,False
1437,speedboat,\U0001f6a4,\U0001f6a4,False
1438,spider,\U0001f577\ufe0f,\U0001f577,False
1439,spider_web,\U0001f578\ufe0f,\U0001f578,False
1440,spiral_calendar,\U0001f5d3\ufe0f,\U0001f5d3,False
1441,spiral_notepad,\U0001f5d2\ufe0f,\U0001f5d2,False
1442,spiral_shell,\U0001f41a,\U0001f41a,False
1443,sponge,\U0001f9fd,\U0001f9fd,False
1444,spoon,\U0001f944,\U0001f944,False
1445,sport_utility_vehicle,\U0001f699,\U0001f699,False
1446,spouting_whale,\U0001f433,\U0001f433,False
1447,squid,\U0001f991,\U0001f991,False
1448,squinting_face_with_tongue,\U0001f61d,\U0001f61d,False
1449,stadium,\U0001f3df\ufe0f,\U0001f3df,False
1450,star,\u2b50,\u2b50,False
1451,star-struck,\U0001f929,\U0001f929,False
1452,star_and_crescent,\u262a\ufe0f,\u262a,False
1453,star_of_david,\u2721\ufe0f,\u2721,False
1454,station,\U0001f689,\U0001f689,False
1455,statue_of_liberty,\U0001f5fd,\U0001f5fd,False
1456,steaming_bowl,\U0001f35c,\U0001f35c,False
1457,stethoscope,\U0001fa7a,\U0001fa7a,False
1458,stop_button,\u23f9\ufe0f,\u23f9,False
1459,stop_sign,\U0001f6d1,\U0001f6d1,False
1460,stopwatch,\u23f1\ufe0f,\u23f1,False
1461,straight_ruler,\U0001f4cf,\U0001f4cf,False
1462,strawberry,\U0001f353,\U0001f353,False
1463,student,\U0001f9d1\u200d\U0001f393,\U0001f9d1,False
1464,studio_microphone,\U0001f399\ufe0f,\U0001f399,False
1465,stuffed_flatbread,\U0001f959,\U0001f959,False
1466,sun,\u2600\ufe0f,\u2600,False
1467,sun_behind_cloud,\u26c5,\u26c5,False
1468,sun_behind_large_cloud,\U0001f325\ufe0f,\U0001f325,False
1469,sun_behind_rain_cloud,\U0001f326\ufe0f,\U0001f326,False
1470,sun_behind_small_cloud,\U0001f324\ufe0f,\U0001f324,False
1471,sun_with_face,\U0001f31e,\U0001f31e,False
1472,sunflower,\U0001f33b,\U0001f33b,False
1473,sunglasses,\U0001f576\ufe0f,\U0001f576,False
1474,sunrise,\U0001f305,\U0001f305,False
1475,sunrise_over_mountains,\U0001f304,\U0001f304,False
1476,sunset,\U0001f307,\U0001f307,False
1477,superhero,\U0001f9b8,\U0001f9b8,False
1478,supervillain,\U0001f9b9,\U0001f9b9,False
1479,sushi,\U0001f363,\U0001f363,False
1480,suspension_railway,\U0001f69f,\U0001f69f,False
1481,swan,\U0001f9a2,\U0001f9a2,False
1482,sweat_droplets,\U0001f4a6,\U0001f4a6,False
1483,synagogue,\U0001f54d,\U0001f54d,False
1484,syringe,\U0001f489,\U0001f489,False
1485,t-rex,\U0001f996,\U0001f996,False
1486,t-shirt,\U0001f455,\U0001f455,False
1487,taco,\U0001f32e,\U0001f32e,False
1488,takeout_box,\U0001f961,\U0001f961,False
1489,tamale,\U0001fad4,\U0001fad4,False
1490,tanabata_tree,\U0001f38b,\U0001f38b,False
1491,tangerine,\U0001f34a,\U0001f34a,False
1492,taurus,\u2649,\u2649,False
1493,taxi,\U0001f695,\U0001f695,False
1494,teacher,\U0001f9d1\u200d\U0001f3eb,\U0001f9d1,False
1495,teacup_without_handle,\U0001f375,\U0001f375,False
1496,teapot,\U0001fad6,\U0001fad6,False
1497,tear-off_calendar,\U0001f4c6,\U0001f4c6,False
1498,technologist,\U0001f9d1\u200d\U0001f4bb,\U0001f9d1,False
1499,teddy_bear,\U0001f9f8,\U0001f9f8,False
1500,telephone,\u260e\ufe0f,\u260e,False
1501,telephone_receiver,\U0001f4de,\U0001f4de,False
1502,television,\U0001f4fa,\U0001f4fa,False
1503,ten-thirty,\U0001f565,\U0001f565,False
1504,ten_oclock,\U0001f559,\U0001f559,False
1505,tennis,\U0001f3be,\U0001f3be,False
1506,tent,\u26fa,\u26fa,False
1507,test_tube,\U0001f9ea,\U0001f9ea,False
1508,thermometer,\U0001f321\ufe0f,\U0001f321,False
1509,thinking_face,\U0001f914,\U0001f914,False
1510,thong_sandal,\U0001fa74,\U0001fa74,False
1511,thought_balloon,\U0001f4ad,\U0001f4ad,False
1512,thread,\U0001f9f5,\U0001f9f5,False
1513,three-thirty,\U0001f55e,\U0001f55e,False
1514,three_oclock,\U0001f552,\U0001f552,False
1515,thumbs_down,\U0001f44e,\U0001f44e,False
1516,thumbs_up,\U0001f44d,\U0001f44d,False
1517,ticket,\U0001f3ab,\U0001f3ab,False
1518,tiger,\U0001f405,\U0001f405,False
1519,tiger_face,\U0001f42f,\U0001f42f,False
1520,timer_clock,\u23f2\ufe0f,\u23f2,False
1521,tired_face,\U0001f62b,\U0001f62b,False
1522,toilet,\U0001f6bd,\U0001f6bd,False
1523,tokyo_tower,\U0001f5fc,\U0001f5fc,False
1524,tomato,\U0001f345,\U0001f345,False
1525,tongue,\U0001f445,\U0001f445,False
1526,toolbox,\U0001f9f0,\U0001f9f0,False
1527,tooth,\U0001f9b7,\U0001f9b7,False
1528,toothbrush,\U0001faa5,\U0001faa5,False
1529,top_arrow,\U0001f51d,\U0001f51d,False
1530,top_hat,\U0001f3a9,\U0001f3a9,False
1531,tornado,\U0001f32a\ufe0f,\U0001f32a,False
1532,trackball,\U0001f5b2\ufe0f,\U0001f5b2,False
1533,tractor,\U0001f69c,\U0001f69c,False
1534,trade_mark,\u2122\ufe0f,\u2122,False
1535,tram,\U0001f68a,\U0001f68a,False
1536,tram_car,\U0001f68b,\U0001f68b,False
1537,transgender_flag,\U0001f3f3\ufe0f\u200d\u26a7\ufe0f,\U0001f3f3,False
1538,triangular_flag,\U0001f6a9,\U0001f6a9,False
1539,triangular_ruler,\U0001f4d0,\U0001f4d0,False
1540,trident_emblem,\U0001f531,\U0001f531,False
1541,trolleybus,\U0001f68e,\U0001f68e,False
1542,trophy,\U0001f3c6,\U0001f3c6,False
1543,tropical_drink,\U0001f379,\U0001f379,False
1544,tropical_fish,\U0001f420,\U0001f420,False
1545,tulip,\U0001f337,\U0001f337,False
1546,tumbler_glass,\U0001f943,\U0001f943,False
1547,turkey,\U0001f983,\U0001f983,False
1548,turtle,\U0001f422,\U0001f422,False
1549,twelve-thirty,\U0001f567,\U0001f567,False
1550,twelve_oclock,\U0001f55b,\U0001f55b,False
1551,two-hump_camel,\U0001f42b,\U0001f42b,False
1552,two-thirty,\U0001f55d,\U0001f55d,False
1553,two_oclock,\U0001f551,\U0001f551,False
1554,umbrella,\u2602\ufe0f,\u2602,False
1555,umbrella_on_ground,\u26f1\ufe0f,\u26f1,False
1556,unamused_face,\U0001f612,\U0001f612,False
1557,unicorn,\U0001f984,\U0001f984,False
1558,unlocked,\U0001f513,\U0001f513,False
1559,up!_button,\U0001f199,\U0001f199,False
1560,up-down_arrow,\u2195\ufe0f,\u2195,False
1561,up-left_arrow,\u2196\ufe0f,\u2196,False
1562,up-right_arrow,\u2197\ufe0f,\u2197,False
1563,up_arrow,\u2b06\ufe0f,\u2b06,False
1564,upside-down_face,\U0001f643,\U0001f643,False
1565,upwards_button,\U0001f53c,\U0001f53c,False
1566,vampire,\U0001f9db,\U0001f9db,False
1567,vertical_traffic_light,\U0001f6a6,\U0001f6a6,False
1568,vibration_mode,\U0001f4f3,\U0001f4f3,False
1569,video_camera,\U0001f4f9,\U0001f4f9,False
1570,video_game,\U0001f3ae,\U0001f3ae,False
1571,videocassette,\U0001f4fc,\U0001f4fc,False
1572,violin,\U0001f3bb,\U0001f3bb,False
1573,virgo,\u264d,\u264d,False
1574,volcano,\U0001f30b,\U0001f30b,False
1575,volleyball,\U0001f3d0,\U0001f3d0,False
1576,vs_button,\U0001f19a,\U0001f19a,False
1577,vulcan_salute,\U0001f596,\U0001f596,False
1578,waning_crescent_moon,\U0001f318,\U0001f318,False
1579,waning_gibbous_moon,\U0001f316,\U0001f316,False
1580,warning,\u26a0\ufe0f,\u26a0,False
1581,wastebasket,\U0001f5d1\ufe0f,\U0001f5d1,False
1582,watch,\u231a,\u231a,False
1583,water_buffalo,\U0001f403,\U0001f403,False
1584,water_closet,\U0001f6be,\U0001f6be,False
1585,water_pistol,\U0001f52b,\U0001f52b,False
1586,water_wave,\U0001f30a,\U0001f30a,False
1587,watermelon,\U0001f349,\U0001f349,False
1588,waving_hand,\U0001f44b,\U0001f44b,False
1589,wavy_dash,\u3030\ufe0f,\u3030,False
1590,waxing_gibbous_moon,\U0001f314,\U0001f314,False
1591,weary_cat,\U0001f640,\U0001f640,False
1592,wedding,\U0001f492,\U0001f492,False
1593,whale,\U0001f40b,\U0001f40b,False
1594,wheel_of_dharma,\u2638\ufe0f,\u2638,False
1595,wheelchair_symbol,\u267f,\u267f,False
1596,white_cane,\U0001f9af,\U0001f9af,False
1597,white_circle,\u26aa,\u26aa,False
1598,white_exclamation_mark,\u2755,\u2755,False
1599,white_flag,\U0001f3f3\ufe0f,\U0001f3f3,False
1600,white_flower,\U0001f4ae,\U0001f4ae,False
1601,white_heart,\U0001f90d,\U0001f90d,False
1602,white_large_square,\u2b1c,\u2b1c,False
1603,white_medium-small_square,\u25fd,\u25fd,False
1604,white_medium_square,\u25fb\ufe0f,\u25fb,False
1605,white_question_mark,\u2754,\u2754,False
1606,white_small_square,\u25ab\ufe0f,\u25ab,False
1607,white_square_button,\U0001f533,\U0001f533,False
1608,wilted_flower,\U0001f940,\U0001f940,False
1609,wind_chime,\U0001f390,\U0001f390,False
1610,wind_face,\U0001f32c\ufe0f,\U0001f32c,False
1611,window,\U0001fa9f,\U0001fa9f,False
1612,wine_glass,\U0001f377,\U0001f377,False
1613,winking_face,\U0001f609,\U0001f609,False
1614,winking_face_with_tongue,\U0001f61c,\U0001f61c,False
1615,woman,\U0001f469,\U0001f469,False
1616,woman-_bald,\U0001f469\u200d\U0001f9b2,\U0001f469,False
1617,woman-_blond_hair,\U0001f471\u200d\u2640\ufe0f,\U0001f471,False
1618,woman-_curly_hair,\U0001f469\u200d\U0001f9b1,\U0001f469,False
1619,woman-_red_hair,\U0001f469\u200d\U0001f9b0,\U0001f469,False
1620,woman-_white_hair,\U0001f469\u200d\U0001f9b3,\U0001f469,False
1621,woman_and_man_holding_hands,\U0001f46b,\U0001f46b,False
1622,woman_artist,\U0001f469\u200d\U0001f3a8,\U0001f469,False
1623,woman_astronaut,\U0001f469\u200d\U0001f680,\U0001f469,False
1624,woman_biking,\U0001f6b4\u200d\u2640\ufe0f,\U0001f6b4,False
1625,woman_bouncing_ball,\u26f9\ufe0f\u200d\u2640\ufe0f,\u26f9,False
1626,woman_cartwheeling,\U0001f938\u200d\u2640\ufe0f,\U0001f938,False
1627,woman_climbing,\U0001f9d7\u200d\u2640\ufe0f,\U0001f9d7,False
1628,woman_construction_worker,\U0001f477\u200d\u2640\ufe0f,\U0001f477,False
1629,woman_cook,\U0001f469\u200d\U0001f373,\U0001f469,False
1630,woman_dancing,\U0001f483,\U0001f483,False
1631,woman_elf,\U0001f9dd\u200d\u2640\ufe0f,\U0001f9dd,False
1632,woman_factory_worker,\U0001f469\u200d\U0001f3ed,\U0001f469,False
1633,woman_fairy,\U0001f9da\u200d\u2640\ufe0f,\U0001f9da,False
1634,woman_farmer,\U0001f469\u200d\U0001f33e,\U0001f469,False
1635,woman_feeding_baby,\U0001f469\u200d\U0001f37c,\U0001f469,False
1636,woman_firefighter,\U0001f469\u200d\U0001f692,\U0001f469,False
1637,woman_frowning,\U0001f64d\u200d\u2640\ufe0f,\U0001f64d,False
1638,woman_genie,\U0001f9de\u200d\u2640\ufe0f,\U0001f9de,False
1639,woman_gesturing_ok,\U0001f646\u200d\u2640\ufe0f,\U0001f646,False
1640,woman_getting_haircut,\U0001f487\u200d\u2640\ufe0f,\U0001f487,False
1641,woman_getting_massage,\U0001f486\u200d\u2640\ufe0f,\U0001f486,False
1642,woman_golfing,\U0001f3cc\ufe0f\u200d\u2640\ufe0f,\U0001f3cc,False
1643,woman_guard,\U0001f482\u200d\u2640\ufe0f,\U0001f482,False
1644,woman_health_worker,\U0001f469\u200d\u2695\ufe0f,\U0001f469,False
1645,woman_in_lotus_position,\U0001f9d8\u200d\u2640\ufe0f,\U0001f9d8,False
1646,woman_in_manual_wheelchair,\U0001f469\u200d\U0001f9bd,\U0001f469,False
1647,woman_in_motorized_wheelchair,\U0001f469\u200d\U0001f9bc,\U0001f469,False
1648,woman_in_steamy_room,\U0001f9d6\u200d\u2640\ufe0f,\U0001f9d6,False
1649,woman_in_tuxedo,\U0001f935\u200d\u2640\ufe0f,\U0001f935,False
1650,woman_judge,\U0001f469\u200d\u2696\ufe0f,\U0001f469,False
1651,woman_juggling,\U0001f939\u200d\u2640\ufe0f,\U0001f939,False
1652,woman_kneeling,\U0001f9ce\u200d\u2640\ufe0f,\U0001f9ce,False
1653,woman_lifting_weights,\U0001f3cb\ufe0f\u200d\u2640\ufe0f,\U0001f3cb,False
1654,woman_mage,\U0001f9d9\u200d\u2640\ufe0f,\U0001f9d9,False
1655,woman_mechanic,\U0001f469\u200d\U0001f527,\U0001f469,False
1656,woman_mountain_biking,\U0001f6b5\u200d\u2640\ufe0f,\U0001f6b5,False
1657,woman_office_worker,\U0001f469\u200d\U0001f4bc,\U0001f469,False
1658,woman_pilot,\U0001f469\u200d\u2708\ufe0f,\U0001f469,False
1659,woman_playing_handball,\U0001f93e\u200d\u2640\ufe0f,\U0001f93e,False
1660,woman_playing_water_polo,\U0001f93d\u200d\u2640\ufe0f,\U0001f93d,False
1661,woman_police_officer,\U0001f46e\u200d\u2640\ufe0f,\U0001f46e,False
1662,woman_raising_hand,\U0001f64b\u200d\u2640\ufe0f,\U0001f64b,False
1663,woman_rowing_boat,\U0001f6a3\u200d\u2640\ufe0f,\U0001f6a3,False
1664,woman_running,\U0001f3c3\u200d\u2640\ufe0f,\U0001f3c3,False
1665,woman_scientist,\U0001f469\u200d\U0001f52c,\U0001f469,False
1666,woman_shrugging,\U0001f937\u200d\u2640\ufe0f,\U0001f937,False
1667,woman_singer,\U0001f469\u200d\U0001f3a4,\U0001f469,False
1668,woman_standing,\U0001f9cd\u200d\u2640\ufe0f,\U0001f9cd,False
1669,woman_student,\U0001f469\u200d\U0001f393,\U0001f469,False
1670,woman_superhero,\U0001f9b8\u200d\u2640\ufe0f,\U0001f9b8,False
1671,woman_surfing,\U0001f3c4\u200d\u2640\ufe0f,\U0001f3c4,False
1672,woman_swimming,\U0001f3ca\u200d\u2640\ufe0f,\U0001f3ca,False
1673,woman_teacher,\U0001f469\u200d\U0001f3eb,\U0001f469,False
1674,woman_technologist,\U0001f469\u200d\U0001f4bb,\U0001f469,False
1675,woman_tipping_hand,\U0001f481\u200d\u2640\ufe0f,\U0001f481,False
1676,woman_vampire,\U0001f9db\u200d\u2640\ufe0f,\U0001f9db,False
1677,woman_walking,\U0001f6b6\u200d\u2640\ufe0f,\U0001f6b6,False
1678,woman_wearing_turban,\U0001f473\u200d\u2640\ufe0f,\U0001f473,False
1679,woman_with_headscarf,\U0001f9d5,\U0001f9d5,False
1680,woman_with_veil,\U0001f470\u200d\u2640\ufe0f,\U0001f470,False
1681,woman_with_white_cane,\U0001f469\u200d\U0001f9af,\U0001f469,False
1682,woman_zombie,\U0001f9df\u200d\u2640\ufe0f,\U0001f9df,False
1683,womans_boot,\U0001f462,\U0001f462,False
1684,womans_clothes,\U0001f45a,\U0001f45a,False
1685,womans_hat,\U0001f452,\U0001f452,False
1686,womans_sandal,\U0001f461,\U0001f461,False
1687,women_holding_hands,\U0001f46d,\U0001f46d,False
1688,women_with_bunny_ears,\U0001f46f\u200d\u2640\ufe0f,\U0001f46f,False
1689,women_wrestling,\U0001f93c\u200d\u2640\ufe0f,\U0001f93c,False
1690,womens_room,\U0001f6ba,\U0001f6ba,False
1691,woozy_face,\U0001f974,\U0001f974,False
1692,world_map,\U0001f5fa\ufe0f,\U0001f5fa,False
1693,worm,\U0001fab1,\U0001fab1,False
1694,worried_face,\U0001f61f,\U0001f61f,False
1695,wrapped_gift,\U0001f381,\U0001f381,False
1696,wrench,\U0001f527,\U0001f527,False
1697,writing_hand,\u270d\ufe0f,\u270d,False
1698,yarn,\U0001f9f6,\U0001f9f6,False
1699,yawning_face,\U0001f971,\U0001f971,False
1700,yellow_circle,\U0001f7e1,\U0001f7e1,False
1701,yellow_heart,\U0001f49b,\U0001f49b,False
1702,yellow_square,\U0001f7e8,\U0001f7e8,False
1703,yen_banknote,\U0001f4b4,\U0001f4b4,False
1704,yin_yang,\u262f\ufe0f,\u262f,False
1705,yo-yo,\U0001fa80,\U0001fa80,False
1706,zany_face,\U0001f92a,\U0001f92a,False
1707,zebra,\U0001f993,\U0001f993,False
1708,zipper-mouth_face,\U0001f910,\U0001f910,False
1709,zombie,\U0001f9df,\U0001f9df,False
1710,zzz,\U0001f4a4,\U0001f4a4,False
1711,1st_place_medal,\U0001f947,\U0001f947,True
1712,b_button_(blood_type),\U0001f171\ufe0f,\U0001f171,True
1713,backhand_index_pointing_right,\U0001f449,\U0001f449,True
1714,bacon,\U0001f953,\U0001f953,True
1715,bikini,\U0001f459,\U0001f459,True
1716,black_small_square,\u25aa\ufe0f,\u25aa,True
1717,broccoli,\U0001f966,\U0001f966,True
1718,chart_increasing,\U0001f4c8,\U0001f4c8,True
1719,cloud,\u2601\ufe0f,\u2601,True
1720,collision,\U0001f4a5,\U0001f4a5,True
1721,computer_mouse,\U0001f5b1\ufe0f,\U0001f5b1,True
1722,crescent_moon,\U0001f319,\U0001f319,True
1723,deaf_woman,\U0001f9cf\u200d\u2640\ufe0f,\U0001f9cf,True
1724,department_store,\U0001f3ec,\U0001f3ec,True
1725,elf,\U0001f9dd,\U0001f9dd,True
1726,enraged_face,\U0001f621,\U0001f621,True
1727,eye_in_speech_bubble,\U0001f441\ufe0f\u200d\U0001f5e8\ufe0f,\U0001f441,True
1728,face_with_open_mouth,\U0001f62e,\U0001f62e,True
1729,"family-_man,_woman,_boy",\U0001f468\u200d\U0001f469\u200d\U0001f466,\U0001f468,True
1730,"family-_woman,_woman,_girl",\U0001f469\u200d\U0001f469\u200d\U0001f467,\U0001f469,True
1731,fast-forward_button,\u23e9,\u23e9,True
1732,female_sign,\u2640\ufe0f,\u2640,True
1733,ferry,\u26f4\ufe0f,\u26f4,True
1734,firefighter,\U0001f9d1\u200d\U0001f692,\U0001f9d1,True
1735,fish_cake_with_swirl,\U0001f365,\U0001f365,True
1736,flag-_åland_islands,\U0001f1e6\U0001f1fd,\U0001f1e6,True
1737,flag-_bouvet_island,\U0001f1e7\U0001f1fb,\U0001f1e7,True
1738,flag-_british_indian_ocean_territory,\U0001f1ee\U0001f1f4,\U0001f1ee,True
1739,flag-_burundi,\U0001f1e7\U0001f1ee,\U0001f1e7,True
1740,flag-_china,\U0001f1e8\U0001f1f3,\U0001f1e8,True
1741,flag-_cocos_(keeling)_islands,\U0001f1e8\U0001f1e8,\U0001f1e8,True
1742,flag-_egypt,\U0001f1ea\U0001f1ec,\U0001f1ea,True
1743,flag-_isle_of_man,\U0001f1ee\U0001f1f2,\U0001f1ee,True
1744,flag-_panama,\U0001f1f5\U0001f1e6,\U0001f1f5,True
1745,flag-_slovakia,\U0001f1f8\U0001f1f0,\U0001f1f8,True
1746,flag-_timor-leste,\U0001f1f9\U0001f1f1,\U0001f1f9,True
1747,flag-_tokelau,\U0001f1f9\U0001f1f0,\U0001f1f9,True
1748,flat_shoe,\U0001f97f,\U0001f97f,True
1749,flexed_biceps,\U0001f4aa,\U0001f4aa,True
1750,flushed_face,\U0001f633,\U0001f633,True
1751,hedgehog,\U0001f994,\U0001f994,True
1752,horizontal_traffic_light,\U0001f6a5,\U0001f6a5,True
1753,keycap_digit_two,2\ufe0f\u20e3,\2,True
1754,last_quarter_moon,\U0001f317,\U0001f317,True
1755,left_luggage,\U0001f6c5,\U0001f6c5,True
1756,lipstick,\U0001f484,\U0001f484,True
1757,lying_face,\U0001f925,\U0001f925,True
1758,mage,\U0001f9d9,\U0001f9d9,True
1759,male_sign,\u2642\ufe0f,\u2642,True
1760,man_mage,\U0001f9d9\u200d\u2642\ufe0f,\U0001f9d9,True
1761,martial_arts_uniform,\U0001f94b,\U0001f94b,True
1762,medical_symbol,\u2695\ufe0f,\u2695,True
1763,minibus,\U0001f690,\U0001f690,True
1764,monorail,\U0001f69d,\U0001f69d,True
1765,movie_camera,\U0001f3a5,\U0001f3a5,True
1766,muted_speaker,\U0001f507,\U0001f507,True
1767,no_mobile_phones,\U0001f4f5,\U0001f4f5,True
1768,nut_and_bolt,\U0001f529,\U0001f529,True
1769,one-thirty,\U0001f55c,\U0001f55c,True
1770,outbox_tray,\U0001f4e4,\U0001f4e4,True
1771,palm_tree,\U0001f334,\U0001f334,True
1772,passenger_ship,\U0001f6f3\ufe0f,\U0001f6f3,True
1773,person_golfing,\U0001f3cc\ufe0f,\U0001f3cc,True
1774,person_in_manual_wheelchair,\U0001f9d1\u200d\U0001f9bd,\U0001f9d1,True
1775,person_shrugging,\U0001f937,\U0001f937,True
1776,person_taking_bath,\U0001f6c0,\U0001f6c0,True
1777,person_wearing_turban,\U0001f473,\U0001f473,True
1778,pool_8_ball,\U0001f3b1,\U0001f3b1,True
1779,potable_water,\U0001f6b0,\U0001f6b0,True
1780,railway_car,\U0001f683,\U0001f683,True
1781,raising_hands,\U0001f64c,\U0001f64c,True
1782,receipt,\U0001f9fe,\U0001f9fe,True
1783,safety_pin,\U0001f9f7,\U0001f9f7,True
1784,sauropod,\U0001f995,\U0001f995,True
1785,sheaf_of_rice,\U0001f33e,\U0001f33e,True
1786,skis,\U0001f3bf,\U0001f3bf,True
1787,smiling_face,\u263a\ufe0f,\u263a,True
1788,smiling_face_with_hearts,\U0001f970,\U0001f970,True
1789,soon_arrow,\U0001f51c,\U0001f51c,True
1790,sparkle,\u2747\ufe0f,\u2747,True
1791,sparkling_heart,\U0001f496,\U0001f496,True
1792,speaking_head,\U0001f5e3\ufe0f,\U0001f5e3,True
1793,sports_medal,\U0001f3c5,\U0001f3c5,True
1794,telescope,\U0001f52d,\U0001f52d,True
1795,train,\U0001f686,\U0001f686,True
1796,trumpet,\U0001f3ba,\U0001f3ba,True
1797,two_hearts,\U0001f495,\U0001f495,True
1798,umbrella_with_rain_drops,\u2614,\u2614,True
1799,victory_hand,\u270c\ufe0f,\u270c,True
1800,waffle,\U0001f9c7,\U0001f9c7,True
1801,waxing_crescent_moon,\U0001f312,\U0001f312,True
1802,weary_face,\U0001f629,\U0001f629,True
1803,wolf,\U0001f43a,\U0001f43a,True
1804,woman_bowing,\U0001f647\u200d\u2640\ufe0f,\U0001f647,True
1805,woman_detective,\U0001f575\ufe0f\u200d\u2640\ufe0f,\U0001f575,True
1806,woman_facepalming,\U0001f926\u200d\u2640\ufe0f,\U0001f926,True
1807,woman_gesturing_no,\U0001f645\u200d\u2640\ufe0f,\U0001f645,True
1808,woman_pouting,\U0001f64e\u200d\u2640\ufe0f,\U0001f64e,True
1809,woman_supervillain,\U0001f9b9\u200d\u2640\ufe0f,\U0001f9b9,True
